{
  "metadata" : {
    "realm" : "/",
    "entityType" : "PatchObjectNode",
    "entityId" : "default/3990ce1f-cce6-435b-ae1c-f138e89411c1",
    "uid" : "ou=3990ce1f-cce6-435b-ae1c-f138e89411c1,ou=default,ou=OrganizationConfig,ou=1.0,ou=PatchObjectNode,ou=services,ou=am-config",
    "sunServiceID" : "instance",
    "objectClass" : [
      "top",
      "sunServiceComponent"
    ],
    "pathParams" : { },
    "ou" : null
  },
  "data" : {
    "_type" : {
      "_id" : "PatchObjectNode",
      "name" : "PatchObjectNode",
      "collection" : false
    },
    "_id" : "default/3990ce1f-cce6-435b-ae1c-f138e89411c1",
    "patchAsObject" : false,
    "identityAttribute" : "userName",
    "identityResource" : "managed/user",
    "ignoredFields" : [
      "userName"
    ]
  }
}
