{
  "metadata" : {
    "realm" : "/",
    "entityType" : "PatchObjectNode",
    "entityId" : "default/3e5dce20-1a5c-45a3-b626-3155be5cd8c7",
    "uid" : "ou=3e5dce20-1a5c-45a3-b626-3155be5cd8c7,ou=default,ou=OrganizationConfig,ou=1.0,ou=PatchObjectNode,ou=services,ou=am-config",
    "sunServiceID" : "instance",
    "objectClass" : [
      "top",
      "sunServiceComponent"
    ],
    "pathParams" : { },
    "ou" : [
      "3e5dce20-1a5c-45a3-b626-3155be5cd8c7"
    ]
  },
  "data" : {
    "_id" : "default/3e5dce20-1a5c-45a3-b626-3155be5cd8c7",
    "_type" : {
      "_id" : "PatchObjectNode",
      "name" : "PatchObjectNode",
      "collection" : false
    },
    "identityResource" : "managed/thing",
    "patchAsObject" : false,
    "ignoredFields" : [
      
    ],
    "identityAttribute" : "uid"
  }
}
