{
  "metadata" : {
    "realm" : "/",
    "entityType" : "PatchObjectNode",
    "entityId" : "default/989f0bf8-a328-4217-b82b-5275d79ca8bd",
    "uid" : "ou=989f0bf8-a328-4217-b82b-5275d79ca8bd,ou=default,ou=OrganizationConfig,ou=1.0,ou=PatchObjectNode,ou=services,ou=am-config",
    "sunServiceID" : "instance",
    "objectClass" : [
      "top",
      "sunServiceComponent"
    ],
    "pathParams" : { },
    "ou" : null
  },
  "data" : {
    "_type" : {
      "_id" : "PatchObjectNode",
      "name" : "PatchObjectNode",
      "collection" : false
    },
    "_id" : "default/989f0bf8-a328-4217-b82b-5275d79ca8bd",
    "identityResource" : "managed/user",
    "identityAttribute" : "mail",
    "ignoredFields" : [
      
    ]
  }
}
