{
  "metadata" : {
    "realm" : "/",
    "entityType" : "AttributeCollectorNode",
    "entityId" : "default/6371cf23-18fc-4a7d-bf16-aed974ec3288",
    "uid" : "ou=6371cf23-18fc-4a7d-bf16-aed974ec3288,ou=default,ou=OrganizationConfig,ou=1.0,ou=AttributeCollectorNode,ou=services,ou=am-config",
    "sunServiceID" : "instance",
    "objectClass" : [
      "top",
      "sunServiceComponent"
    ],
    "pathParams" : { },
    "ou" : [
      "6371cf23-18fc-4a7d-bf16-aed974ec3288"
    ]
  },
  "data" : {
    "_id" : "default/6371cf23-18fc-4a7d-bf16-aed974ec3288",
    "_type" : {
      "_id" : "AttributeCollectorNode",
      "name" : "AttributeCollectorNode",
      "collection" : false
    },
    "attributesToCollect" : [
      "uid",
      "thingKeys",
      "thingProperties",
      "thingType"
    ],
    "validateInputs" : false,
    "identityAttribute" : "uid",
    "required" : true
  }
}
