{
  "metadata" : {
    "realm" : "/",
    "entityType" : "AttributeCollectorNode",
    "entityId" : "default/c61d471f-e2e0-40a3-b5ea-1589c2bd2ff2",
    "uid" : "ou=c61d471f-e2e0-40a3-b5ea-1589c2bd2ff2,ou=default,ou=OrganizationConfig,ou=1.0,ou=AttributeCollectorNode,ou=services,ou=am-config",
    "sunServiceID" : "instance",
    "objectClass" : [
      "top",
      "sunServiceComponent"
    ],
    "pathParams" : { },
    "ou" : [
      "c61d471f-e2e0-40a3-b5ea-1589c2bd2ff2"
    ]
  },
  "data" : {
    "_id" : "default/c61d471f-e2e0-40a3-b5ea-1589c2bd2ff2",
    "_type" : {
      "_id" : "AttributeCollectorNode",
      "name" : "AttributeCollectorNode",
      "collection" : false
    },
    "required" : true,
    "validateInputs" : false,
    "attributesToCollect" : [
      "thingProperties"
    ],
    "identityAttribute" : "uid"
  }
}
