{
  "data": {
    "_id": "forgerock-iot-oauth2-client",
    "_type": {
      "_id": "OAuth2Client",
      "collection": true,
      "name": "OAuth2 Clients"
    },
    "advancedOAuth2ClientConfig": {
      "clientUri": [],
      "contacts": [],
      "customProperties": [],
      "descriptions": [],
      "grantTypes": [
        "urn:ietf:params:oauth:grant-type:jwt-bearer",
        "urn:ietf:params:oauth:grant-type:device_code",
        "refresh_token"
      ],
      "isConsentImplied": false,
      "javascriptOrigins": [],
      "logoUri": [],
      "mixUpMitigation": false,
      "name": [],
      "policyUri": [],
      "requestUris": [],
      "require_pushed_authorization_requests": false,
      "responseTypes": [
        "code",
        "token",
        "id_token",
        "code token",
        "token id_token",
        "code id_token",
        "code token id_token",
        "device_code",
        "device_code id_token"
      ],
      "sectorIdentifierUri": null,
      "softwareIdentity": null,
      "softwareVersion": null,
      "subjectType": "public",
      "tokenEndpointAuthMethod": "client_secret_basic",
      "tokenExchangeAuthLevel": 0,
      "tosURI": [],
      "updateAccessToken": null
    },
    "coreOAuth2ClientConfig": {
      "accessTokenLifetime": 0,
      "agentgroup": null,
      "authorizationCodeLifetime": 0,
      "clientName": [],
      "clientType": "Confidential",
      "defaultScopes": [
        "subscribe"
      ],
      "loopbackInterfaceRedirection": false,
      "redirectionUris": [],
      "refreshTokenLifetime": 0,
      "scopes": [
        "am-introspect-all-tokens",
        "publish",
        "subscribe"
      ],
      "status": "Active",
      "userpassword" : "password"
    },
    "coreOpenIDClientConfig": {
      "backchannel_logout_session_required": false,
      "backchannel_logout_uri": null,
      "claims": [],
      "clientSessionUri": null,
      "defaultAcrValues": [],
      "defaultMaxAge": 600,
      "defaultMaxAgeEnabled": false,
      "jwtTokenLifetime": 0,
      "postLogoutRedirectUri": []
    },
    "coreUmaClientConfig": {
      "claimsRedirectionUris": []
    },
    "overrideOAuth2ClientConfig": {
      "accessTokenMayActScript": "[Empty]",
      "accessTokenModificationPluginType": "PROVIDER",
      "accessTokenModificationScript": "[Empty]",
      "authorizeEndpointDataProviderClass": "org.forgerock.oauth2.core.plugins.registry.DefaultEndpointDataProvider",
      "authorizeEndpointDataProviderPluginType": "PROVIDER",
      "authorizeEndpointDataProviderScript": "[Empty]",
      "clientsCanSkipConsent": false,
      "enableRemoteConsent": false,
      "evaluateScopeClass": "org.forgerock.oauth2.core.plugins.registry.DefaultScopeEvaluator",
      "evaluateScopePluginType": "PROVIDER",
      "evaluateScopeScript": "[Empty]",
      "issueRefreshToken": true,
      "issueRefreshTokenOnRefreshedToken": true,
      "oidcClaimsPluginType": "PROVIDER",
      "oidcClaimsScript": "[Empty]",
      "oidcMayActScript": "[Empty]",
      "overrideableOIDCClaims": [],
      "providerOverridesEnabled": false,
      "remoteConsentServiceId": null,
      "statelessTokensEnabled": false,
      "tokenEncryptionEnabled": false,
      "usePolicyEngineForScope": false,
      "validateScopeClass": "org.forgerock.oauth2.core.plugins.registry.DefaultScopeValidator",
      "validateScopePluginType": "PROVIDER",
      "validateScopeScript": "[Empty]"
    },
    "signEncOAuth2ClientConfig": {
      "authorizationResponseEncryptionAlgorithm": null,
      "authorizationResponseEncryptionMethod": null,
      "authorizationResponseSigningAlgorithm": "RS256",
      "clientJwtPublicKey": null,
      "idTokenEncryptionAlgorithm": "RSA-OAEP-256",
      "idTokenEncryptionEnabled": false,
      "idTokenEncryptionMethod": "A128CBC-HS256",
      "idTokenPublicEncryptionKey": null,
      "idTokenSignedResponseAlg": "RS256",
      "jwkSet": null,
      "jwkStoreCacheMissCacheTime": 60000,
      "jwksCacheTimeout": 3600000,
      "jwksUri": null,
      "mTLSCertificateBoundAccessTokens": false,
      "mTLSSubjectDN": null,
      "mTLSTrustedCert": null,
      "publicKeyLocation": "jwks_uri",
      "requestParameterEncryptedAlg": null,
      "requestParameterEncryptedEncryptionAlgorithm": "A128CBC-HS256",
      "requestParameterSignedAlg": null,
      "tokenEndpointAuthSigningAlgorithm": "RS256",
      "tokenIntrospectionEncryptedResponseAlg": "RSA-OAEP-256",
      "tokenIntrospectionEncryptedResponseEncryptionAlgorithm": "A128CBC-HS256",
      "tokenIntrospectionResponseFormat": "JSON",
      "tokenIntrospectionSignedResponseAlg": "RS256",
      "userinfoEncryptedResponseAlg": null,
      "userinfoEncryptedResponseEncryptionAlgorithm": "A128CBC-HS256",
      "userinfoResponseFormat": "JSON",
      "userinfoSignedResponseAlg": null
    }
  },
  "metadata": {
    "amsterVersion": "&{version}",
    "entityId": "forgerock-iot-oauth2-client",
    "entityType": "OAuth2Clients",
    "pathParams": {},
    "realm": "/"
  }
}