<configuration scan="true" scanPeriod="60 seconds">

    <appender name="CONSOLE" class="ch.qos.logback.core.ConsoleAppender">
        <encoder>
            <pattern>%-30(%d %level)- %msg%n%ex</pattern>
        </encoder>
    </appender>

    <logger name="event.client-connected" level="DEBUG" additivity="false">
        <appender-ref ref="CONSOLE"/>
    </logger>

    <logger name="event.client-disconnected" level="DEBUG" additivity="false">
        <appender-ref ref="CONSOLE"/>
    </logger>

    <logger name="event.message-dropped" level="DEBUG" additivity="false">
        <appender-ref ref="CONSOLE"/>
    </logger>

    <logger name="event.client-session-expired" level="DEBUG" additivity="false">
        <appender-ref ref="CONSOLE"/>
    </logger>

    <logger name="migrations" level="DEBUG" additivity="false">
        <appender-ref ref="CONSOLE"/>
    </logger>

    <root level="${HIVEMQ_LOG_LEVEL:-DEBUG}">
        <appender-ref ref="CONSOLE"/>
    </root>

    <logger name="jetbrains.exodus" level="WARN"/>
    <logger name="org.eclipse.jetty" level="ERROR"/>
    <logger name="com.google.common.util.concurrent.Futures.CombinedFuture" level="OFF"/>
    <logger name="oshi" level="ERROR"/>
    <logger name="org.jgroups" level="INFO"/>

</configuration>