{
  "metadata" : {
    "realm" : "/",
    "entityType" : "ScriptingService",
    "entityId" : "default/scriptConfigurations",
    "uid" : "ou=scriptConfigurations,ou=default,ou=OrganizationConfig,ou=1.0,ou=ScriptingService,ou=services,ou=am-config",
    "sunServiceID" : null,
    "objectClass" : [
      "top",
      "sunServiceComponent"
    ],
    "pathParams" : { },
    "ou" : null
  },
  "data" : {
    "_id" : "default/scriptConfigurations",
    "_type" : {
      "_id" : "ScriptingService",
      "name" : "ScriptingService",
      "collection" : false
    }
  }
}
