{
  "metadata" : {
    "realm" : "/",
    "entityType" : "PasswordCollectorNode",
    "entityId" : "default/5e325c55-f08e-4751-bb16-88a530e8c73e",
    "uid" : "ou=5e325c55-f08e-4751-bb16-88a530e8c73e,ou=default,ou=OrganizationConfig,ou=1.0,ou=PasswordCollectorNode,ou=services,ou=am-config",
    "sunServiceID" : "instance",
    "objectClass" : [ "top", "sunServiceComponent" ],
    "pathParams" : { },
    "ou" : null
  },
  "data" : {
    "_id" : "default/5e325c55-f08e-4751-bb16-88a530e8c73e",
    "_type" : {
      "_id" : "PasswordCollectorNode",
      "name" : "PasswordCollectorNode",
      "collection" : false
    }
  }
}