{
  "data": {
    "_id": "default/oauth-reg-tree",
    "_type": {
      "_id": "authenticationTreesService",
      "collection": false,
      "name": "authenticationTreesService"
    },
    "description": null,
    "entryNodeId": "3e28a76f-6efc-4354-923e-8664b484a942",
    "identityResource": "managed/thing",
    "nodes": {
      "3e28a76f-6efc-4354-923e-8664b484a942": {
        "connections": {
          "failure": "e301438c-0bd0-429c-ab0c-66126501069a",
          "success": "70e691a5-1e33-4ac3-a356-e7b6d60d92e0"
        },
        "displayName": "Register Thing",
        "nodeType": "IotRegistrationNode",
        "x": 210,
        "y": 137.5
      }
    },
    "staticNodes": {
      "70e691a5-1e33-4ac3-a356-e7b6d60d92e0": {
        "x": 440,
        "y": 80
      },
      "e301438c-0bd0-429c-ab0c-66126501069a": {
        "x": 440,
        "y": 230
      },
      "startNode": {
        "x": 70,
        "y": 155
      }
    },
    "uiConfig": {
      "categories": "[]"
    }
  },
  "metadata": {
    "entityId": "default/oauth-reg-tree",
    "entityType": "authenticationTreesService",
    "objectClass": [
      "top",
      "sunServiceComponent"
    ],
    "ou": [
      "oauth-reg-tree"
    ],
    "pathParams": {},
    "realm": "/",
    "sunServiceID": "tree",
    "uid": "ou=oauth-reg-tree,ou=default,ou=OrganizationConfig,ou=1.0,ou=authenticationTreesService,ou=services,ou=am-config"
  }
}