{
  "rsFilter": {
    "anonymousUserMapping": {
      "localUser": "internal/user/anonymous",
      "roles": [
        "internal/role/openidm-reg"
      ]
    },
    "augmentSecurityContext": {
      "source": "require('auth/orgPrivileges').assignPrivilegesToUser(resource, security, properties, subjectMapping, privileges, 'privileges', 'privilegeAssignments');",
      "type": "text/javascript"
    },
    "cache": {
      "maxTimeout": "300 seconds"
    },
    "clientId": "idm-resource-server",
    "clientSecret": "&{rs.client.secret|password}",
    "scopes": [
      "fr:idm:*"
    ],
    "staticUserMapping": [
      {
        "localUser": "internal/user/openidm-admin",
        "roles": [
          "internal/role/openidm-authorized",
          "internal/role/openidm-admin"
        ],
        "subject": "amadmin"
      },
      {
        "localUser": "internal/user/idm-provisioning",
        "roles": [
          "internal/role/platform-provisioning"
        ],
        "subject": "idm-provisioning"
      }
    ],
    "subjectMapping": [
      {
        "additionalUserFields": [
          "adminOfOrg",
          "ownerOfOrg"
        ],
        "defaultRoles": [
          "internal/role/openidm-authorized"
        ],
        "propertyMapping": {
          "sub": "_id"
        },
        "queryOnResource": "managed/{{resourceType}}",
        "userRoles": "authzRoles/*"
      }
    ],
    "tokenIntrospectUrl": "http://am/am/oauth2/introspect"
  }
}