{
  "defaultLocale": "en",
  "enabled": true,
  "from": "",
  "html": {
    "en": "<h3>Verify email to update password</h3><p><a href=\"{{object.resumeURI}}\">Update password link</a></p>"
  },
  "message": {
    "en": "<html><head></head><body style=\"background-color: #324054; color: #5e6d82; padding: 60px; text-align: center;\"><div class=\"content\" style=\"background-color: #fff; border-radius: 4px; margin: 0 auto; padding: 48px; width: 235px;\"><h3 id=\"verifyemailtoupdatepassword\">Verify email to update password</h3><p><a href=\"{{object.resumeURI}}\" style=\"text-decoration: none; color: #109cf1;\">Update password link</a></p></div></body></html>"
  },
  "mimeType": "text/html",
  "styles": "body{background-color:#324054;color:#5e6d82;padding:60px;text-align:center}a{text-decoration:none;color:#109cf1}.content{background-color:#fff;border-radius:4px;margin:0 auto;padding:48px;width:235px}",
  "subject": {
    "en": "Update your password"
  }
}