{
  "defaultLocale": "en",
  "enabled": true,
  "from": "",
  "html": {
    "en": "<html><body><h3>Click to reset your password</h3><p><a href=\"{{object.resumeURI}}\">Password reset link</a></p></body></html>",
    "fr": "<html><body><h3>Cliquez pour r\u00e9initialiser votre mot de passe</h3><p><a href=\"{{object.resumeURI}}\">Mot de passe lien de r\u00e9initialisation</a></p></body></html>"
  },
  "message": {
    "en": "<html><head></head><body style=\"background-color: #324054; color: #5e6d82; padding: 60px; text-align: center;\"><div class=\"content\" style=\"background-color: #fff; border-radius: 4px; margin: 0 auto; padding: 48px; width: 235px;\"><h3>Click to reset your password</h3><p><a href=\"{{object.resumeURI}}\" style=\"text-decoration: none; color: #109cf1;\">Password reset link</a></p></div></body></html>",
    "fr": "<html><head></head><body style=\"background-color: #324054; color: #5e6d82; padding: 60px; text-align: center;\"><div class=\"content\" style=\"background-color: #fff; border-radius: 4px; margin: 0 auto; padding: 48px; width: 235px;\"><h3>Cliquez pour r\u00e9initialiser votre mot de passe</h3><p><a href=\"{{object.resumeURI}}\" style=\"text-decoration: none; color: #109cf1;\">Mot de passe lien de r\u00e9initialisation</a></p></div></body></html>"
  },
  "mimeType": "text/html",
  "styles": "body{background-color:#324054;color:#5e6d82;padding:60px;text-align:center}a{text-decoration:none;color:#109cf1}.content{background-color:#fff;border-radius:4px;margin:0 auto;padding:48px;width:235px}",
  "subject": {
    "en": "Reset your password",
    "fr": "R\u00e9initialisez votre mot de passe"
  }
}