{
  "defaultLocale": "en",
  "enabled": true,
  "from": "",
  "html": {
    "en": "<html><body>{{#if object.userName}}<p>Your username is '{{object.userName}}'.</p>{{else}}If you received this email in error, please disregard.{{/if}}<p><a href=\"{{object.resumeURI}}\">Click here to login</a></p></body></html>",
    "fr": "<html><body>{{#if object.userName}}<p>Votre nom d'utilisateur est '{{object.userName}}'.</p>{{else}}Si vous avez re\u00e7u cet e-mail par erreur, veuillez ne pas en tenir compte.{{/if}}<p><a href=\"{{object.resumeURI}}\">Cliquez ici pour vous connecter</a></p></body></html>"
  },
  "message": {
    "en": "<html><head></head><body style=\"background-color: #324054; color: #455469; padding: 60px; text-align: center;\"><div class=\"content\" style=\"background-color: #fff; border-radius: 4px; margin: 0 auto; padding: 48px; width: 235px;\"><p>{{#if object.userName}}Your username is '{{object.userName}}'.</p><p>{{else}}If you received this email in error, please disregard.{{/if}}</p><p><a href=\"{{object.resumeURI}}\" style=\"text-decoration: none; color: #109cf1;\">Click here to login</a></p></div></body></html>",
    "fr": "<html><head></head><body style=\"background-color: #324054; color: #455469; padding: 60px; text-align: center;\"><div class=\"content\" style=\"background-color: #fff; border-radius: 4px; margin: 0 auto; padding: 48px; width: 235px;\">{{#if object.userName}}<p>Votre nom d'utilisateur est '{{object.userName}}'.</p>{{else}}Si vous avez re\u00e7u cet e-mail par erreur, veuillez ne pas en tenir compte.{{/if}}<p><a href=\"{{object.resumeURI}}\" style=\"text-decoration: none; color: #109cf1;\">Cliquez ici pour vous connecter</a></p></div></body></html>"
  },
  "mimeType": "text/html",
  "styles": "body{background-color:#324054;color:#5e6d82;padding:60px;text-align:center}a{text-decoration:none;color:#109cf1}.content{background-color:#fff;border-radius:4px;margin:0 auto;padding:48px;width:235px}",
  "subject": {
    "en": "Account Information - username",
    "fr": "Informations sur le compte - nom d'utilisateur"
  }
}