<?xml version="1.0"?>
<!DOCTYPE Configure PUBLIC "-//Jetty//Configure//EN" "http://www.eclipse.org/jetty/configure_9_0.dtd">
<!--
  Copyright 2015-2021 ForgeRock AS. All Rights Reserved

  Use of this code requires a commercial software license with ForgeRock AS.
  or with one of its affiliates. All use shall be exclusively subject
  to such license between the licensee and ForgeRock AS.
-->
<Configure id="Server" class="org.eclipse.jetty.server.Server">

    <!-- =========================================================== -->
    <!-- Set connectors                                              -->
    <!-- =========================================================== -->
    <!-- One of each type!                                           -->
    <!-- =========================================================== -->

    <!--<Arg name="threadpool">
        <New class="org.eclipse.jetty.util.thread.QueuedThreadPool">
            <Arg name="maxThreads">500</Arg>
            <Arg name="minThreads">50</Arg>
            <Arg name="idleTimeout">60000</Arg>
            <Arg name="queue">
                <New class="java.util.concurrent.ArrayBlockingQueue">
                    <Arg type="int">6000</Arg>
                </New>
            </Arg>
            <Set name="minThreads">50</Set>
            <Set name="maxThreads">500</Set>
            <Set name="detailedDump">false</Set>
        </New>
    </Arg>-->

    <New id="httpSimpleConfig" class="org.eclipse.jetty.server.HttpConfiguration">
        <!-- remove Server header from HTTP responses, to prevent leaking server-type/version -->
        <Set name="sendServerVersion">false</Set>
        <Set name="outputBufferSize">32768</Set>
        <Set name="requestHeaderSize">16384</Set>
        <Set name="responseHeaderSize">8192</Set>
    </New>

    <New id="httpConfig" class="org.eclipse.jetty.server.HttpConfiguration">
        <Arg><Ref refid="httpSimpleConfig"/></Arg>
        <Call name="addCustomizer">
            <Arg>
                <New class="org.eclipse.jetty.server.ForwardedRequestCustomizer">
                    <!-- Prevent host header changes that may occur from URL hijacking attempts -->
                    <!-- Because we are behind an ingress that performs this - we comment this out -->
                    <!-- <Set name="forcedHost">
                        <Call class="org.forgerock.openidm.jetty.Param" name="getProperty">
                            <Arg>openidm.host</Arg>
                        </Call>:<Call class="org.forgerock.openidm.jetty.Param" name="getProperty">
                        <Arg>openidm.port.http</Arg>
                    </Call>
                    </Set> -->
                </New>
            </Arg>
        </Call>
    </New>

    <New id="tlsHttpConfig" class="org.eclipse.jetty.server.HttpConfiguration">
        <Arg><Ref refid="httpSimpleConfig"/></Arg>
        <Set name="secureScheme">https</Set>
        <Set name="securePort">
            <Call class="org.forgerock.openidm.jetty.Param"  name="getProperty">
                <Arg>openidm.port.https</Arg>
            </Call>
        </Set>
        <Call name="addCustomizer">
            <Arg><New class="org.eclipse.jetty.server.SecureRequestCustomizer"/></Arg>
        </Call>
        <Call name="addCustomizer">
            <Arg>
                <New class="org.eclipse.jetty.server.ForwardedRequestCustomizer">
                    <!-- Prevent host header changes that may occur from URL hijacking attempts -->
                    <!-- <Set name="forcedHost">
                        <Call class="org.forgerock.openidm.jetty.Param" name="getProperty">
                            <Arg>openidm.host</Arg>
                        </Call>:<Call class="org.forgerock.openidm.jetty.Param" name="getProperty">
                        <Arg>openidm.port.https</Arg>
                    </Call>
                    </Set> -->
                </New>
            </Arg>
        </Call>
    </New>

    <New id="mutualAuthHttpConfig" class="org.eclipse.jetty.server.HttpConfiguration">
        <Arg><Ref refid="httpSimpleConfig"/></Arg>
        <Set name="secureScheme">https</Set>
        <Set name="securePort">
            <Call class="org.forgerock.openidm.jetty.Param"  name="getProperty">
                <Arg>openidm.port.mutualauth</Arg>
            </Call>
        </Set>
        <Call name="addCustomizer">
            <Arg><New class="org.eclipse.jetty.server.SecureRequestCustomizer"/></Arg>
        </Call>
        <Call name="addCustomizer">
            <Arg>
                <New class="org.eclipse.jetty.server.ForwardedRequestCustomizer">
                    <!-- Prevent host header changes that may occur from URL hijacking attempts -->
                    <!-- <Set name="forcedHost">
                        <Call class="org.forgerock.openidm.jetty.Param" name="getProperty">
                            <Arg>openidm.host</Arg>
                        </Call>:<Call class="org.forgerock.openidm.jetty.Param" name="getProperty">
                        <Arg>openidm.port.mutualauth</Arg>
                    </Call>
                    </Set> -->
                </New>
            </Arg>
        </Call>
    </New>

    <Array id="includedCipherSuites" type="java.lang.String">
        <!-- TLS 1.3 cipher suites -->
        <Item>TLS_AES_128_GCM_SHA256</Item>
        <Item>TLS_AES_256_GCM_SHA384</Item>
        <Item>TLS_CHACHA20_POLY1305_SHA256</Item>

        <!-- TLS 1.2 cipher suites -->
        <Item>TLS_ECDHE_ECDSA_WITH_AES_256_GCM_SHA384</Item>
        <Item>TLS_ECDHE_ECDSA_WITH_AES_128_GCM_SHA256</Item>
        <Item>TLS_ECDHE_ECDSA_WITH_CHACHA20_POLY1305_SHA256</Item>
        <Item>TLS_ECDHE_RSA_WITH_AES_256_GCM_SHA384</Item>
        <Item>TLS_ECDHE_RSA_WITH_AES_128_GCM_SHA256</Item>
        <Item>TLS_ECDHE_RSA_WITH_CHACHA20_POLY1305_SHA256</Item>
        <Item>TLS_DHE_RSA_WITH_AES_256_GCM_SHA384</Item>
        <Item>TLS_DHE_RSA_WITH_AES_128_GCM_SHA256</Item>
    </Array>

    <Array  id= "includedProtocols" type="java.lang.String">
        <!-- Only support TLS v1.2 and v1.3 -->
        <Item>TLSv1.2</Item>
        <Item>TLSv1.3</Item>
    </Array>

    <New id="sslContextFactory" class="org.eclipse.jetty.util.ssl.SslContextFactory$Server">
        <Set name="keyStorePath"><Get class="org.forgerock.openidm.jetty.Param" name="keystoreLocation"/></Set>
        <Set name="keyStorePassword"><Get class="org.forgerock.openidm.jetty.Param" name="keystorePassword"/></Set>
        <Set name="keyStoreType"><Get class="org.forgerock.openidm.jetty.Param" name="keystoreType"/></Set>
        <Set name="keyStoreProvider"><Get class="org.forgerock.openidm.jetty.Param" name="keystoreProvider" /></Set>
        <Set name="trustStoreProvider"><Get class="org.forgerock.openidm.jetty.Param" name="truststoreProvider" /></Set>
        <Set name="trustStoreType"><Get class="org.forgerock.openidm.jetty.Param" name="truststoreType"/></Set>
        <Set name="trustStorePath"><Get class="org.forgerock.openidm.jetty.Param" name="truststoreLocation"/></Set>
        <Set name="trustStorePassword"><Get class="org.forgerock.openidm.jetty.Param" name="truststorePassword"/></Set>
        <Set name="certAlias"><Get class="org.forgerock.openidm.jetty.Param" name="certAlias"/></Set>
        <Set name="IncludeProtocols">
            <Ref refid="includedProtocols"/>
        </Set>
        <Set name="IncludeCipherSuites">
            <Ref refid="includedCipherSuites"/>
        </Set>
    </New>

    <New id="sslContextFactoryMutualAuth" class="org.eclipse.jetty.util.ssl.SslContextFactory$Server">
        <Set name="keyStorePath"><Get class="org.forgerock.openidm.jetty.Param" name="keystoreLocation"/></Set>
        <Set name="keyStorePassword"><Get class="org.forgerock.openidm.jetty.Param" name="keystorePassword"/></Set>
        <Set name="keyStoreType"><Get class="org.forgerock.openidm.jetty.Param" name="keystoreType"/></Set>
        <Set name="keyStoreProvider"><Get class="org.forgerock.openidm.jetty.Param" name="keystoreProvider" /></Set>
        <Set name="trustStoreProvider"><Get class="org.forgerock.openidm.jetty.Param" name="truststoreProvider" /></Set>
        <Set name="trustStoreType"><Get class="org.forgerock.openidm.jetty.Param" name="truststoreType"/></Set>
        <Set name="trustStorePath"><Get class="org.forgerock.openidm.jetty.Param" name="truststoreLocation"/></Set>
        <Set name="trustStorePassword"><Get class="org.forgerock.openidm.jetty.Param" name="truststorePassword"/></Set>
        <Set name="needClientAuth">true</Set>
        <Set name="certAlias"><Get class="org.forgerock.openidm.jetty.Param" name="certAlias"/></Set>
        <Set name="IncludeProtocols">
            <Ref refid="includedProtocols"/>
        </Set>
        <Set name="IncludeCipherSuites">
            <Ref refid="includedCipherSuites"/>
        </Set>
    </New>

    <Call name="addConnector">
        <Arg>
            <New class="org.eclipse.jetty.server.ServerConnector">
                <Arg name="server"><Ref refid="Server" /></Arg>
                <Arg name="executor"/>
                <Arg name="scheduler"/>
                <Arg name="bufferPool"/>
                <Arg name="acceptors" type="int">-1</Arg>
                <Arg name="selectors" type="int">-1</Arg>
                <Arg name="factories">
                    <Array type="org.eclipse.jetty.server.ConnectionFactory">
                        <Item>
                            <New class="org.eclipse.jetty.server.HttpConnectionFactory">
                                <Arg name="config"><Ref refid="httpConfig" /></Arg>
                            </New>
                        </Item>
                    </Array>
                </Arg>
                <Set name="port">
                    <Call class="org.forgerock.openidm.jetty.Param"  name="getProperty">
                        <Arg>openidm.port.http</Arg>
                    </Call>
                </Set>
                <Set name="idleTimeout">300000</Set>
                <Set name="name">
                    <Property name="jetty.host" default="0.0.0.0" />:<Call class="org.forgerock.openidm.jetty.Param"  name="getProperty">
                    <Arg>openidm.port.http</Arg>
                </Call>
                </Set>
            </New>
        </Arg>
    </Call>

    <Call id="sslConnector" name="addConnector">
        <Arg>
            <New class="org.eclipse.jetty.server.ServerConnector">
                <Arg name="server"><Ref refid="Server" /></Arg>
                <Arg name="executor"/>
                <Arg name="scheduler"/>
                <Arg name="bufferPool"/>
                <Arg name="acceptors" type="int">-1</Arg>
                <Arg name="selectors" type="int">-1</Arg>
                <Arg name="factories">
                    <Array type="org.eclipse.jetty.server.ConnectionFactory">
                        <Item>
                            <New class="org.eclipse.jetty.server.SslConnectionFactory">
                                <Arg name="next">http/1.1</Arg>
                                <Arg name="sslContextFactory"><Ref refid="sslContextFactory"/></Arg>
                            </New>
                        </Item>
                        <Item>
                            <New class="org.eclipse.jetty.server.HttpConnectionFactory">
                                <Arg name="config"><Ref refid="tlsHttpConfig"/></Arg>
                            </New>
                        </Item>
                    </Array>
                </Arg>
                <Set name="port">
                    <Call class="org.forgerock.openidm.jetty.Param"  name="getProperty">
                        <Arg>openidm.port.https</Arg>
                    </Call>
                </Set>
                <Set name="idleTimeout">30000</Set>
                <Set name="name">
                    <Property name="jetty.host" default="0.0.0.0" />:<Call class="org.forgerock.openidm.jetty.Param"  name="getProperty">
                    <Arg>openidm.port.https</Arg>
                </Call>
                </Set>
            </New>
        </Arg>
    </Call>

    <Call name="addConnector">
        <Arg>
            <New class="org.eclipse.jetty.server.ServerConnector" id="MutualAuthPort">
                <Arg name="server"><Ref refid="Server" /></Arg>
                <Arg name="factories">
                    <Array type="org.eclipse.jetty.server.ConnectionFactory">
                        <Item>
                            <New class="org.eclipse.jetty.server.SslConnectionFactory">
                                <Arg name="next">http/1.1</Arg>
                                <Arg name="sslContextFactory">
                                    <Ref refid="sslContextFactoryMutualAuth"/>
                                </Arg>
                            </New>
                        </Item>
                        <Item>
                            <New class="org.eclipse.jetty.server.HttpConnectionFactory">
                                <Arg name="config"><Ref refid="mutualAuthHttpConfig"/></Arg>
                            </New>
                        </Item>
                    </Array>
                </Arg>
                <Set name="port">
                    <Call class="org.forgerock.openidm.jetty.Param"  name="getProperty">
                        <Arg>openidm.port.mutualauth</Arg>
                    </Call>
                </Set>
                <Set name="idleTimeout">30000</Set>
                <Set name="name">
                    <Property name="jetty.host" default="0.0.0.0" />:<Call class="org.forgerock.openidm.jetty.Param"  name="getProperty">
                    <Arg>openidm.port.mutualauth</Arg>
                </Call>
                </Set>
            </New>
        </Arg>
    </Call>

    <Call name="insertHandler">
        <Arg>
            <!-- https://www.eclipse.org/jetty/documentation/9.4.x/gzip-filter.html -->
            <New id="GzipHandler" class="org.eclipse.jetty.server.handler.gzip.GzipHandler">
                <Set name="minGzipSize"><Property name="jetty.gzip.minGzipSize" default="2048"/></Set>
                <Set name="compressionLevel"><Property name="jetty.gzip.compressionLevel" default="-1"/></Set>
                <Set name="inflateBufferSize"><Property name="jetty.gzip.inflateBufferSize" default="0"/></Set>
                <Set name="syncFlush"><Property name="jetty.gzip.syncFlush" default="false" /></Set>
                <Set name="excludedAgentPatterns">
                    <Array type="String">
                        <!-- IE 6 has known bugs related to GZIP compression -->
                        <Item><Property name="jetty.gzip.excludedUserAgent" default=".*MSIE.6\.0.*"/></Item>
                    </Array>
                </Set>
                <Set name="includedMethodList"><Property name="jetty.gzip.includedMethodList" default="GET" /></Set>
                <Set name="excludedMethodList"><Property name="jetty.gzip.excludedMethodList" default="" /></Set>
            </New>
        </Arg>
    </Call>

</Configure>
