{
  "privilegeAssignments": [
    {
      "name": "ownerPrivileges",
      "privileges": [
        "owner-view-update-delete-orgs",
        "owner-create-orgs",
        "owner-view-update-delete-admins-and-members",
        "owner-create-admins",
        "admin-view-update-delete-members",
        "admin-create-members"
      ],
      "relationshipField": "ownerOfOrg"
    },
    {
      "name": "adminPrivileges",
      "privileges": [
        "admin-view-update-delete-orgs",
        "admin-create-orgs",
        "admin-view-update-delete-members",
        "admin-create-members"
      ],
      "relationshipField": "adminOfOrg"
    }
  ]
}