{
  "ECMAScript": {
    "javascript.optimization.level": 9,
    "javascript.recompile.minimumInterval": 60000
  },
  "Groovy": {
    "#groovy.disabled.global.ast.transformations": "",
    "#groovy.errors.tolerance": 10,
    "#groovy.output.debug": false,
    "#groovy.output.verbose": false,
    "#groovy.script.base": "#any class extends groovy.lang.Script",
    "#groovy.script.extension": ".groovy",
    "#groovy.target.bytecode": "1.8",
    "#groovy.target.directory": "&{idm.data.dir}/classes",
    "#groovy.target.indy": true,
    "#groovy.warnings": "likely errors #othere values [none,likely,possible,paranoia]",
    "groovy.classpath": "&{idm.install.dir}/lib",
    "groovy.recompile": true,
    "groovy.recompile.minimumInterval": 60000,
    "groovy.source.encoding": "UTF-8"
  },
  "properties": {},
  "sources": {
    "default": {
      "directory": "&{idm.install.dir}/bin/defaults/script"
    },
    "install": {
      "directory": "&{idm.install.dir}"
    },
    "project": {
      "directory": "&{idm.instance.dir}"
    },
    "project-script": {
      "directory": "&{idm.instance.dir}/script"
    }
  }
}