{
  "populateDefaults": false,
  "stores": [
    {
      "class": "org.forgerock.openidm.secrets.config.FileBasedStore",
      "config": {
        "file": "&{openidm.keystore.location|/var/run/secrets/idm/keystore.jceks}",
        "mappings": [
          {
            "aliases": [
              "&{openidm.config.crypto.alias|openidm-sym-default}"
            ],
            "secretId": "idm.default",
            "types": [
              "ENCRYPT",
              "DECRYPT"
            ]
          },
          {
            "aliases": [
              "&{openidm.config.crypto.alias|openidm-sym-default}"
            ],
            "secretId": "idm.config.encryption",
            "types": [
              "ENCRYPT",
              "DECRYPT"
            ]
          },
          {
            "aliases": [
              "&{openidm.config.crypto.alias|openidm-sym-default}"
            ],
            "secretId": "idm.password.encryption",
            "types": [
              "ENCRYPT",
              "DECRYPT"
            ]
          }
        ],
        "providerName": "&{openidm.keystore.provider|SunJCE}",
        "storePassword": "&{openidm.keystore.password|changeit}",
        "storetype": "&{openidm.keystore.type|JCEKS}"
      },
      "name": "mainKeyStore"
    },
    {
      "class": "org.forgerock.openidm.secrets.config.FileBasedStore",
      "config": {
        "file": "&{openidm.truststore.location|/var/run/secrets/idm/security/truststore}",
        "mappings": [],
        "providerName": "&{openidm.truststore.provider|SUN}",
        "storePassword": "&{openidm.truststore.password|changeit}",
        "storetype": "&{openidm.truststore.type|JKS}"
      },
      "name": "mainTrustStore"
    }
  ]
}