{
  "properties": [
    {
      "source": "givenName",
      "target": "givenName"
    },
    {
      "source": "familyName",
      "target": "sn"
    },
    {
      "source": "email",
      "target": "mail"
    },
    {
      "condition": "/object/postalAddress  pr",
      "source": "postalAddress",
      "target": "postalAddress"
    },
    {
      "condition": "/object/addressLocality  pr",
      "source": "addressLocality",
      "target": "city"
    },
    {
      "condition": "/object/addressRegion  pr",
      "source": "addressRegion",
      "target": "stateProvince"
    },
    {
      "condition": "/object/postalCode  pr",
      "source": "postalCode",
      "target": "postalCode"
    },
    {
      "condition": "/object/country  pr",
      "source": "country",
      "target": "country"
    },
    {
      "condition": "/object/phone  pr",
      "source": "phone",
      "target": "telephoneNumber"
    },
    {
      "source": "username",
      "target": "userName"
    }
  ]
}