{
  "classPathURLs": [],
  "filterClass": "org.eclipse.jetty.servlets.CrossOriginFilter",
  "initParams": {
    "allowCredentials": false,
    "allowedHeaders": "authorization,accept,content-type,origin,x-requested-with,cache-control,accept-api-version",
    "allowedMethods": "GET,POST,PUT,DELETE,PATCH",
    "allowedOrigins": "*",
    "chainPreflight": false,
    "exposedHeaders": "WWW-Authenticate"
  },
  "requestAttributes": {},
  "scriptExtensions": {},
  "systemProperties": {},
  "urlPatterns": [
    "/*"
  ]
}