{
  "configuration": {
    "defaultNotificationType": "info",
    "forgotUsername": false,
    "lang": "en",
    "notificationTypes": {
      "error": {
        "iconPath": "images/notifications/error.png",
        "name": "common.notification.types.error"
      },
      "info": {
        "iconPath": "images/notifications/info.png",
        "name": "common.notification.types.info"
      },
      "warning": {
        "iconPath": "images/notifications/warning.png",
        "name": "common.notification.types.warning"
      }
    },
    "passwordReset": false,
    "passwordResetLink": "",
    "platformSettings": {
      "adminOauthClient": "idm-admin-ui",
      "adminOauthClientScopes": "fr:idm:*",
      "amUrl": "/am",
      "loginUrl": ""
    },
    "roles": {
      "internal/role/openidm-admin": "ui-admin",
      "internal/role/openidm-authorized": "ui-user"
    },
    "selfRegistration": false
  }
}