{
  "tabs": [
    {
      "name": "personalInfoTab",
      "view": "org/forgerock/openidm/ui/user/profile/personalInfo/PersonalInfoTab"
    },
    {
      "name": "signInAndSecurity",
      "view": "org/forgerock/openidm/ui/user/profile/signInAndSecurity/SignInAndSecurityTab"
    },
    {
      "name": "preference",
      "view": "org/forgerock/openidm/ui/user/profile/PreferencesTab"
    },
    {
      "name": "trustedDevice",
      "view": "org/forgerock/openidm/ui/user/profile/TrustedDevicesTab"
    },
    {
      "name": "oauthApplication",
      "view": "org/forgerock/openidm/ui/user/profile/OauthApplicationsTab"
    },
    {
      "name": "privacyAndConsent",
      "view": "org/forgerock/openidm/ui/user/profile/PrivacyAndConsentTab"
    },
    {
      "name": "sharing",
      "view": "org/forgerock/openidm/ui/user/profile/uma/SharingTab"
    },
    {
      "name": "auditHistory",
      "view": "org/forgerock/openidm/ui/user/profile/uma/ActivityTab"
    },
    {
      "name": "accountControls",
      "view": "org/forgerock/openidm/ui/user/profile/accountControls/AccountControlsTab"
    }
  ]
}