{
  "realm": {
    "/": [
      {
        "accountFooter": "<div class=\"d-flex justify-content-center py-4 w-100\"><span class=\"pr-1\">\u00a9 2022</span>\n<a href=\"#\" target=\"_blank\" class=\"text-body\">My Company, Inc</a><a href=\"#\" target=\"_blank\" style=\"color: #0000ee\" class=\"pl-3 text-body\">Privacy Policy</a><a href=\"#\" target=\"_blank\" style=\"color: #0000ee\" class=\"pl-3 text-body\">Terms & Conditions</a></div>",
        "accountFooterEnabled": false,
        "accountPageSections": {
          "accountControls": {
            "enabled": false
          },
          "accountSecurity": {
            "enabled": true,
            "subsections": {
              "password": {
                "enabled": true
              },
              "securityQuestions": {
                "enabled": false
              },
              "twoStepVerification": {
                "enabled": true
              },
              "username": {
                "enabled": true
              }
            }
          },
          "consent": {
            "enabled": false
          },
          "oauthApplications": {
            "enabled": false
          },
          "personalInformation": {
            "enabled": true
          },
          "preferences": {
            "enabled": false
          },
          "social": {
            "enabled": false
          },
          "trustedDevices": {
            "enabled": true
          }
        },
        "backgroundColor": "#FFFFFF",
        "backgroundImage": "",
        "bodyText": "#000000",
        "buttonRounded": "0",
        "dangerColor": "#f7685b",
        "favicon": "https://cdn.forgerock.com/platform/themes/contrast/logo-contrast.svg",
        "isDefault": false,
        "journeyFooter": "<div class=\"d-flex justify-content-center py-4 w-100\"><span class=\"pr-1\">\u00a9 2022</span>\n<a href=\"#\" target=\"_blank\" class=\"text-body\">My Company, Inc</a><a href=\"#\" target=\"_blank\" style=\"color: #0000ee\" class=\"pl-3 text-body\">Privacy Policy</a><a href=\"#\" target=\"_blank\" style=\"color: #0000ee\" class=\"pl-3 text-body\">Terms & Conditions</a></div>",
        "journeyFooterEnabled": false,
        "journeyHeader": "<div class=\"d-flex justify-content-center py-4 flex-grow-1\">Header Content</div>",
        "journeyHeaderEnabled": false,
        "journeyJustifiedContent": "",
        "journeyJustifiedContentEnabled": false,
        "journeyLayout": "card",
        "journeyTheaterMode": false,
        "linkActiveColor": "#000000",
        "linkColor": "#000000",
        "linkedTrees": [],
        "logo": "https://cdn.forgerock.com/platform/themes/contrast/logo-contrast.svg",
        "logoAltText": "Contrast",
        "logoEnabled": true,
        "logoHeight": "72",
        "logoProfile": "https://cdn.forgerock.com/platform/themes/contrast/logo-contrast.svg",
        "logoProfileAltText": "Contrast",
        "logoProfileCollapsed": "https://cdn.forgerock.com/platform/themes/contrast/logo-contrast.svg",
        "logoProfileCollapsedAltText": "Contrast",
        "logoProfileCollapsedHeight": "22",
        "logoProfileHeight": "22",
        "name": "Contrast",
        "pageTitle": "#23282e",
        "primaryColor": "#000000",
        "primaryOffColor": "#000000",
        "profileBackgroundColor": "#FFFFFF",
        "profileMenuHighlightColor": "#FFFFFF",
        "profileMenuHoverColor": "#FFFFFF",
        "profileMenuHoverTextColor": "#000000",
        "profileMenuTextHighlightColor": "#455469",
        "secondaryColor": "#69788b",
        "textColor": "#ffffff"
      },
      {
        "accountFooter": "<footer class=\"w-100\">\n            <div class=\"d-flex flex-column flex-md-row justify-content-center align-items-center py-4\">\n              <div class=\"container w-100\">\n                <div class=\"mt-5 py-4 border-top border-darkened\">\n                  <div class=\"row\" style=\"color: #23282e;\">\n                    <div class=\"col-4 col-md-3 col-lg-2\">\n                      <h5 style=\"font-weight: 600; font-size: 0.9375rem;\">Company</h5>\n                      <ul class=\"nav mb-4 flex-column\">\n                        <li class=\"nav-item\"><a href=\"#\" class=\"nav-link px-0 py-1\" target=\"_self\">About Us</a></li>\n                        <li class=\"nav-item\"><a href=\"#\" class=\"nav-link px-0 py-1\" target=\"_self\">Contact Us</a></li>\n                        <li class=\"nav-item\"><a href=\"#\" class=\"nav-link px-0 py-1\" target=\"_self\">Privacy &amp; Terms</a></li>\n                      </ul>\n                    </div>\n                    <div class=\"col-4 col-md-3 col-lg-2\">\n                      <h5 style=\"font-weight: 600; font-size: 0.9375rem;\">Support</h5>\n                      <ul class=\"nav mb-4 flex-column\">\n                        <li class=\"nav-item\"><a href=\"#\" class=\"nav-link px-0 py-1\" target=\"_self\">Help Center</a></li>\n                        <li class=\"nav-item\"><a href=\"#\" class=\"nav-link px-0 py-1\" target=\"_self\">Docs</a></li>\n                        <li class=\"nav-item\"><a href=\"#\" class=\"nav-link px-0 py-1\" target=\"_self\">Privacy &amp; Terms</a></li>\n                      </ul>\n                    </div>\n                    <div class=\"col-4 col-md-3 col-lg-2\">\n                      <h5 style=\"font-weight: 600; font-size: 0.9375rem;\">Community</h5>\n                      <ul class=\"nav mb-4 flex-column\">\n                        <li class=\"nav-item\"><a href=\"#\" class=\"nav-link px-0 py-1\" target=\"_self\">Facebook</a></li>\n                        <li class=\"nav-item\"><a href=\"#\" class=\"nav-link px-0 py-1\" target=\"_self\">Twitter</a></li>\n                        <li class=\"nav-item\"><a href=\"#\" class=\"nav-link px-0 py-1\" target=\"_self\">Forum</a></li>\n                      </ul>\n                    </div>\n                    <div class=\"col-12 col-lg-6\" style=\"color: #5e6d82\">\n                      <div class=\"d-flex align-items-center justify-content-lg-end py-4 py-lg-0\">\n                        <span class=\"pr-1\">&copy; 2022</span>\n                        <a href=\"#\" class=\"text-decoration-none\" target=\"_self\" style=\"color: #5e6d82\">Highlander, Inc.</a>\n                      </div>\n                    </div>\n                  </div>\n                </div> \n              </div>\n            </div>\n          </footer>\n",
        "accountFooterEnabled": true,
        "accountPageSections": {
          "accountControls": {
            "enabled": false
          },
          "accountSecurity": {
            "enabled": true,
            "subsections": {
              "password": {
                "enabled": true
              },
              "securityQuestions": {
                "enabled": false
              },
              "twoStepVerification": {
                "enabled": true
              },
              "username": {
                "enabled": true
              }
            }
          },
          "consent": {
            "enabled": false
          },
          "oauthApplications": {
            "enabled": false
          },
          "personalInformation": {
            "enabled": true
          },
          "preferences": {
            "enabled": false
          },
          "social": {
            "enabled": false
          },
          "trustedDevices": {
            "enabled": true
          }
        },
        "backgroundColor": "#FFFFFF",
        "backgroundImage": "",
        "bodyText": "#5E6D82",
        "buttonRounded": "50",
        "dangerColor": "#f7685b",
        "favicon": "https://cdn.forgerock.com/platform/themes/highlander/logo-highlander-icon.svg",
        "isDefault": false,
        "journeyFooter": "<footer class=\"w-100\">\n    <div class=\"d-flex flex-column flex-md-row justify-content-center align-items-center py-4\">\n        <div class=\"container w-100\">\n            <div class=\"mt-5 py-4 border-top border-darkened\">\n                <div class=\"row\" style=\"color: #23282e;\">\n                    <div class=\"col-4 col-md-3 col-lg-2\">\n                        <h5 style=\"font-weight: 600; font-size: 0.9375rem;\">\n                            Company\n                        </h5>\n                        <ul class=\"nav mb-4 flex-column\">\n                            <li class=\"nav-item\">\n                                <a href=\"#\" class=\"nav-link px-0 py-1\" target=\"_self\">About Us</a>\n                            </li>\n                            <li class=\"nav-item\">\n                                <a href=\"#\" class=\"nav-link px-0 py-1\" target=\"_self\">Contact Us</a>\n                            </li>\n                            <li class=\"nav-item\">\n                                <a href=\"#\" class=\"nav-link px-0 py-1\" target=\"_self\">Privacy &amp; Terms</a>\n                            </li>\n                        </ul>\n                    </div>\n                    <div class=\"col-4 col-md-3 col-lg-2\">\n                        <h5 style=\"font-weight: 600; font-size: 0.9375rem;\">\n                            Support\n                        </h5>\n                        <ul class=\"nav mb-4 flex-column\">\n                            <li class=\"nav-item\">\n                                <a href=\"#\" class=\"nav-link px-0 py-1\" target=\"_self\">Help Center</a>\n                            </li>\n                            <li class=\"nav-item\">\n                                <a href=\"#\" class=\"nav-link px-0 py-1\" target=\"_self\">Docs</a>\n                            </li>\n                            <li class=\"nav-item\">\n                                <a href=\"#\" class=\"nav-link px-0 py-1\" target=\"_self\">Privacy &amp; Terms</a>\n                            </li>\n                        </ul>\n                    </div>\n                    <div class=\"col-4 col-md-3 col-lg-2\">\n                        <h5 style=\"font-weight: 600; font-size: 0.9375rem;\">\n                            Community\n                        </h5>\n                        <ul class=\"nav mb-4 flex-column\">\n                            <li class=\"nav-item\">\n                                <a href=\"#\" class=\"nav-link px-0 py-1\" target=\"_self\">Facebook</a>\n                            </li>\n                            <li class=\"nav-item\">\n                                <a href=\"#\" class=\"nav-link px-0 py-1\" target=\"_self\">Twitter</a>\n                            </li>\n                            <li class=\"nav-item\">\n                                <a href=\"#\" class=\"nav-link px-0 py-1\" target=\"_self\">Forum</a>\n                            </li>\n                        </ul>\n                    </div>\n                    <div class=\"col-12 col-lg-6\">\n                        <div class=\"d-flex align-items-center justify-content-lg-end py-4 py-lg-0\">\n                            <span class=\"pr-1\">&copy; 2022</span>\n                            <a href=\"#\" class=\"text-decoration-none\" target=\"_self\">Highlander, Inc.</a>\n                        </div>\n                    </div>\n                </div>\n            </div>\n        </div>\n    </div>\n</footer>\n\n",
        "journeyFooterEnabled": true,
        "journeyHeader": "<header>\n            <nav\n              class=\"navbar shadow-lg navbar-light bg-white navbar-expand-lg\"\n            >\n              <a href=\"#\" target=\"_self\" class=\"navbar-brand\">\n                <img\n                  src=\"https://cdn.forgerock.com/platform/themes/highlander/logo-highlander-full.svg\"\n                  alt=\"Logo\"\n                  style=\"height: 28px\"\n                />\n              </a>\n              <div\n                class=\"navbar-collapse d-none d-lg-flex\"\n                id=\"navbarSupportedContent\"\n              >\n                <ul class=\"navbar-nav mr-auto\">\n                  <li class=\"nav-item\">\n                    <a class=\"nav-link\" href=\"#\">Link</a>\n                  </li>\n                  <li class=\"nav-item\">\n                    <a\n                      class=\"nav-link disabled\"\n                      href=\"#\"\n                      tabindex=\"-1\"\n                      aria-disabled=\"true\"\n                      >Disabled</a\n                    >\n                  </li>\n                </ul>\n                <ul class=\"navbar-nav ml-auto\">\n                  <li class=\"nav-item\">\n                    <a href=\"#\" target=\"_self\" class=\"nav-link\">Link</a>\n                  </li>\n                </ul>\n              </div>\n            </nav>\n          </header>\n",
        "journeyHeaderEnabled": true,
        "journeyJustifiedContent": "",
        "journeyJustifiedContentEnabled": false,
        "journeyLayout": "card",
        "journeyTheaterMode": false,
        "linkActiveColor": "#C60819",
        "linkColor": "#EB0A1E",
        "linkedTrees": [],
        "logo": "https://cdn.forgerock.com/platform/themes/highlander/logo-highlander-icon.svg",
        "logoAltText": "Highlander",
        "logoEnabled": true,
        "logoHeight": "40",
        "logoProfile": "https://cdn.forgerock.com/platform/themes/highlander/logo-highlander-full.svg",
        "logoProfileAltText": "Highlander",
        "logoProfileCollapsed": "https://cdn.forgerock.com/platform/themes/highlander/logo-highlander-icon.svg",
        "logoProfileCollapsedAltText": "Highlander",
        "logoProfileCollapsedHeight": "28",
        "logoProfileHeight": "28",
        "name": "Highlander",
        "pageTitle": "#23282e",
        "primaryColor": "#EB0A1E",
        "primaryOffColor": "#C60819",
        "profileBackgroundColor": "#FFFFFF",
        "profileMenuHighlightColor": "#FFFFFF",
        "profileMenuHoverColor": "#FFFFFF",
        "profileMenuHoverTextColor": "#455469",
        "profileMenuTextHighlightColor": "#EB0A1E",
        "secondaryColor": "#69788b",
        "textColor": "#ffffff"
      },
      {
        "accountFooter": "<footer class=\"w-100\">\n            <div class=\"d-flex flex-column flex-md-row justify-content-center align-items-center py-4\">\n              <div class=\"container w-100\">\n                <div class=\"mt-5 py-4 border-top border-darkened\">\n                  <div class=\"row\" style=\"color: #23282e;\">\n                    <div class=\"col-4 col-md-3 col-lg-2\">\n                      <h5 style=\"font-weight: 600; font-size: 0.9375rem;\">Company</h5>\n                      <ul class=\"nav mb-4 flex-column\">\n                        <li class=\"nav-item\"><a href=\"#\" class=\"nav-link px-0 py-1\" target=\"_self\">About Us</a></li>\n                        <li class=\"nav-item\"><a href=\"#\" class=\"nav-link px-0 py-1\" target=\"_self\">Contact Us</a></li>\n                        <li class=\"nav-item\"><a href=\"#\" class=\"nav-link px-0 py-1\" target=\"_self\">Privacy &amp; Terms</a></li>\n                      </ul>\n                    </div>\n                    <div class=\"col-4 col-md-3 col-lg-2\">\n                      <h5 style=\"font-weight: 600; font-size: 0.9375rem;\">Support</h5>\n                      <ul class=\"nav mb-4 flex-column\">\n                        <li class=\"nav-item\"><a href=\"#\" class=\"nav-link px-0 py-1\" target=\"_self\">Help Center</a></li>\n                        <li class=\"nav-item\"><a href=\"#\" class=\"nav-link px-0 py-1\" target=\"_self\">Docs</a></li>\n                        <li class=\"nav-item\"><a href=\"#\" class=\"nav-link px-0 py-1\" target=\"_self\">Privacy &amp; Terms</a></li>\n                      </ul>\n                    </div>\n                    <div class=\"col-4 col-md-3 col-lg-2\">\n                      <h5 style=\"font-weight: 600; font-size: 0.9375rem;\">Community</h5>\n                      <ul class=\"nav mb-4 flex-column\">\n                        <li class=\"nav-item\"><a href=\"#\" class=\"nav-link px-0 py-1\" target=\"_self\">Facebook</a></li>\n                        <li class=\"nav-item\"><a href=\"#\" class=\"nav-link px-0 py-1\" target=\"_self\">Twitter</a></li>\n                        <li class=\"nav-item\"><a href=\"#\" class=\"nav-link px-0 py-1\" target=\"_self\">Forum</a></li>\n                      </ul>\n                    </div>\n                    <div class=\"col-12 col-lg-6\">\n                      <div class=\"d-flex align-items-center justify-content-lg-end py-4 py-lg-0\">\n                        <span class=\"pr-1\">&copy; 2022</span>\n                        <a href=\"#\" class=\"text-decoration-none\" target=\"_self\">Rob Roy Markets, Inc</a>\n                      </div>\n                    </div>\n                  </div>\n                </div> \n              </div>\n            </div>\n          </footer>\n",
        "accountFooterEnabled": true,
        "accountPageSections": {
          "accountControls": {
            "enabled": false
          },
          "accountSecurity": {
            "enabled": true,
            "subsections": {
              "password": {
                "enabled": true
              },
              "securityQuestions": {
                "enabled": false
              },
              "twoStepVerification": {
                "enabled": true
              },
              "username": {
                "enabled": true
              }
            }
          },
          "consent": {
            "enabled": false
          },
          "oauthApplications": {
            "enabled": false
          },
          "personalInformation": {
            "enabled": true
          },
          "preferences": {
            "enabled": false
          },
          "social": {
            "enabled": false
          },
          "trustedDevices": {
            "enabled": true
          }
        },
        "backgroundColor": "#FFFFFF",
        "backgroundImage": "",
        "bodyText": "#5E6D82",
        "buttonRounded": "50",
        "dangerColor": "#f7685b",
        "favicon": "https://cdn.forgerock.com/platform/themes/robroy/logo-robroy-icon.svg",
        "isDefault": false,
        "journeyFooter": "<footer class=\"w-100\">\n            <div\n              class=\"\n                d-flex\n                flex-column flex-md-row\n                justify-content-center\n                align-items-center\n                py-4\n              \"\n            >\n              <div class=\"container w-100\">\n                <div class=\"mt-5 py-4 border-top border-darkened\">\n                  <div class=\"row\" style=\"color: #23282e\">\n                    <div class=\"col-4 col-md-3 col-lg-2\">\n                      <h5 style=\"font-weight: 600; font-size: 0.9375rem\">\n                        Company\n                      </h5>\n                      <ul class=\"nav mb-4 flex-column\">\n                        <li class=\"nav-item\">\n                          <a href=\"#\" class=\"nav-link px-0 py-1\" target=\"_self\"\n                            >About Us</a\n                          >\n                        </li>\n                        <li class=\"nav-item\">\n                          <a href=\"#\" class=\"nav-link px-0 py-1\" target=\"_self\"\n                            >Contact Us</a\n                          >\n                        </li>\n                        <li class=\"nav-item\">\n                          <a href=\"#\" class=\"nav-link px-0 py-1\" target=\"_self\"\n                            >Privacy &amp; Terms</a\n                          >\n                        </li>\n                      </ul>\n                    </div>\n                    <div class=\"col-4 col-md-3 col-lg-2\">\n                      <h5 style=\"font-weight: 600; font-size: 0.9375rem\">\n                        Support\n                      </h5>\n                      <ul class=\"nav mb-4 flex-column\">\n                        <li class=\"nav-item\">\n                          <a href=\"#\" class=\"nav-link px-0 py-1\" target=\"_self\"\n                            >Help Center</a\n                          >\n                        </li>\n                        <li class=\"nav-item\">\n                          <a href=\"#\" class=\"nav-link px-0 py-1\" target=\"_self\"\n                            >Docs</a\n                          >\n                        </li>\n                        <li class=\"nav-item\">\n                          <a href=\"#\" class=\"nav-link px-0 py-1\" target=\"_self\"\n                            >Privacy &amp; Terms</a\n                          >\n                        </li>\n                      </ul>\n                    </div>\n                    <div class=\"col-4 col-md-3 col-lg-2\">\n                      <h5 style=\"font-weight: 600; font-size: 0.9375rem\">\n                        Community\n                      </h5>\n                      <ul class=\"nav mb-4 flex-column\">\n                        <li class=\"nav-item\">\n                          <a href=\"#\" class=\"nav-link px-0 py-1\" target=\"_self\"\n                            >Facebook</a\n                          >\n                        </li>\n                        <li class=\"nav-item\">\n                          <a href=\"#\" class=\"nav-link px-0 py-1\" target=\"_self\"\n                            >Twitter</a\n                          >\n                        </li>\n                        <li class=\"nav-item\">\n                          <a href=\"#\" class=\"nav-link px-0 py-1\" target=\"_self\"\n                            >Forum</a\n                          >\n                        </li>\n                      </ul>\n                    </div>\n                    <div class=\"col-12 col-lg-6\">\n                      <div\n                        class=\"\n                          d-flex\n                          align-items-center\n                          justify-content-lg-end\n                          py-4 py-lg-0\n                        \"\n                      >\n                        <span class=\"pr-1\">&copy; 2022</span>\n                        <a href=\"#\" class=\"text-decoration-none\" target=\"_self\"\n                          >Rob Roy Markets, Inc</a\n                        >\n                      </div>\n                    </div>\n                  </div>\n                </div>\n              </div>\n            </div>\n          </footer>\n",
        "journeyFooterEnabled": true,
        "journeyHeader": "<header>\n            <nav\n              class=\"navbar shadow-lg navbar-light bg-white navbar-expand-lg\"\n            >\n              <a href=\"#\" target=\"_self\" class=\"navbar-brand\">\n                <img\n                  src=\"https://cdn.forgerock.com/platform/themes/robroy/logo-robroy-full.svg\"\n                  alt=\"Logo\"\n                  style=\"height: 28px\"\n                />\n              </a>\n              <div\n                class=\"navbar-collapse d-none d-lg-flex\"\n                id=\"navbarSupportedContent\"\n              >\n                <ul class=\"navbar-nav mr-auto\">\n                  <li class=\"nav-item\">\n                    <a class=\"nav-link\" href=\"#\">Link</a>\n                  </li>\n                  <li class=\"nav-item\">\n                    <a\n                      class=\"nav-link disabled\"\n                      href=\"#\"\n                      tabindex=\"-1\"\n                      aria-disabled=\"true\"\n                      >Disabled</a\n                    >\n                  </li>\n                </ul>\n                <ul class=\"navbar-nav ml-auto\">\n                  <li class=\"nav-item\">\n                    <a href=\"#\" target=\"_self\" class=\"nav-link\">Link</a>\n                  </li>\n                </ul>\n              </div>\n            </nav>\n          </header>\n",
        "journeyHeaderEnabled": true,
        "journeyJustifiedContent": "<img src=\"https://cdn.forgerock.com/platform/themes/robroy/illustration-robroy.svg\" class=\"w-100\">",
        "journeyJustifiedContentEnabled": true,
        "journeyLayout": "justified-right",
        "journeyTheaterMode": false,
        "linkActiveColor": "#49871E",
        "linkColor": "#5AA625",
        "linkedTrees": [],
        "logo": "https://cdn.forgerock.com/platform/themes/robroy/logo-robroy-icon.svg",
        "logoAltText": "Robroy",
        "logoEnabled": true,
        "logoHeight": "40",
        "logoProfile": "https://cdn.forgerock.com/platform/themes/robroy/logo-robroy-full.svg",
        "logoProfileAltText": "RobRoy",
        "logoProfileCollapsed": "https://cdn.forgerock.com/platform/themes/robroy/logo-robroy-icon.svg",
        "logoProfileCollapsedAltText": "RobRoy",
        "logoProfileCollapsedHeight": "28",
        "logoProfileHeight": "28",
        "name": "Robroy",
        "pageTitle": "#23282e",
        "primaryColor": "#5AA625",
        "primaryOffColor": "#49871E",
        "profileBackgroundColor": "#FFFFFF",
        "profileMenuHighlightColor": "#FFFFFF",
        "profileMenuHoverColor": "#FFFFFF",
        "profileMenuHoverTextColor": "#455469",
        "profileMenuTextHighlightColor": "#5AA625",
        "secondaryColor": "#69788b",
        "textColor": "#ffffff"
      },
      {
        "accountFooter": "<div class=\"d-flex justify-content-center py-4 w-100\"><span class=\"pr-1\">\u00a9 2022</span>\n<a href=\"#\" target=\"_blank\" class=\"text-body\">My Company, Inc</a><a href=\"#\" target=\"_blank\" style=\"color: #0000ee\" class=\"pl-3 text-body\">Privacy Policy</a><a href=\"#\" target=\"_blank\" style=\"color: #0000ee\" class=\"pl-3 text-body\">Terms & Conditions</a></div>",
        "accountFooterEnabled": false,
        "accountPageSections": {
          "accountControls": {
            "enabled": false
          },
          "accountSecurity": {
            "enabled": true,
            "subsections": {
              "password": {
                "enabled": true
              },
              "securityQuestions": {
                "enabled": false
              },
              "twoStepVerification": {
                "enabled": true
              },
              "username": {
                "enabled": true
              }
            }
          },
          "consent": {
            "enabled": false
          },
          "oauthApplications": {
            "enabled": false
          },
          "personalInformation": {
            "enabled": true
          },
          "preferences": {
            "enabled": false
          },
          "social": {
            "enabled": false
          },
          "trustedDevices": {
            "enabled": true
          }
        },
        "backgroundColor": "#f6f8fa",
        "backgroundImage": "",
        "bodyText": "#23282e",
        "buttonRounded": 5,
        "dangerColor": "#f7685b",
        "favicon": "https://cdn.forgerock.com/platform/themes/forgerock/logo-forgerock.svg",
        "isDefault": true,
        "journeyFooter": "<div class=\"d-flex justify-content-center py-4 w-100\"><span class=\"pr-1\">\u00a9 2022</span>\n<a href=\"#\" target=\"_blank\" class=\"text-body\">My Company, Inc</a><a href=\"#\" target=\"_blank\" style=\"color: #0000ee\" class=\"pl-3 text-body\">Privacy Policy</a><a href=\"#\" target=\"_blank\" style=\"color: #0000ee\" class=\"pl-3 text-body\">Terms & Conditions</a></div>",
        "journeyFooterEnabled": false,
        "journeyHeader": "<div class=\"d-flex justify-content-center py-4 flex-grow-1\">Header Content</div>",
        "journeyHeaderEnabled": false,
        "journeyJustifiedContent": "",
        "journeyJustifiedContentEnabled": false,
        "journeyLayout": "card",
        "journeyTheaterMode": false,
        "linkActiveColor": "#0c85cf",
        "linkColor": "#109cf1",
        "linkedTrees": [],
        "logo": "https://cdn.forgerock.com/platform/themes/forgerock/logo-forgerock.svg",
        "logoAltText": "ForgeRock Logo",
        "logoHeight": "40",
        "logoProfile": "https://cdn.forgerock.com/platform/themes/forgerock/logo-forgerock-full.svg",
        "logoProfileAltText": "ForgeRock Logo",
        "logoProfileCollapsed": "https://cdn.forgerock.com/platform/themes/forgerock/logo-forgerock.svg",
        "logoProfileCollapsedAltText": "ForgeRock Logo",
        "logoProfileCollapsedHeight": "22",
        "logoProfileHeight": "40",
        "name": "ForgeRock Theme",
        "pageTitle": "#23282e",
        "primaryColor": "#109cf1",
        "primaryOffColor": "#0c85cf",
        "profileBackgroundColor": "#f6f8fa",
        "profileMenuHighlightColor": "#e4f4fd",
        "profileMenuHoverColor": "#109cf1",
        "profileMenuHoverTextColor": "#ffffff",
        "profileMenuTextHighlightColor": "#455469",
        "secondaryColor": "#69788b",
        "textColor": "#ffffff"
      },
      {
        "accountFooter": "<footer>\n  <div class=\"container-md\">\n    <div class=\"py-3 d-flex flex-column flex-sm-row flex-md-column flex-lg-row justify-content-between align-items-center w-100\">\n      <div class=\"text-nowrap\">\n        <span class=\"pr-1\">\u00a9 2022</span>\n        <a href=\"#\" target=\"_blank\" class=\"notranslate text-body\">Zardoz, Inc</a>\n      </div>\n      <ul class=\"nav\">\n        <li class=\"nav-item\">\n          <a href=\"#\" class=\"nav-link\">Privacy Policy</a>\n        </li>\n        <li class=\"nav-item\">\n          <a href=\"#\" class=\"nav-link\">Terms of Use</a>\n        </li>\n      </ul>\n    </div>\n  </div>\n</footer>\n",
        "accountFooterEnabled": true,
        "accountPageSections": {
          "accountControls": {
            "enabled": false
          },
          "accountSecurity": {
            "enabled": true,
            "subsections": {
              "password": {
                "enabled": true
              },
              "securityQuestions": {
                "enabled": false
              },
              "twoStepVerification": {
                "enabled": true
              },
              "username": {
                "enabled": true
              }
            }
          },
          "consent": {
            "enabled": false
          },
          "oauthApplications": {
            "enabled": false
          },
          "personalInformation": {
            "enabled": true
          },
          "preferences": {
            "enabled": false
          },
          "social": {
            "enabled": false
          },
          "trustedDevices": {
            "enabled": true
          }
        },
        "backgroundColor": "#FFFFFF",
        "backgroundImage": "",
        "bodyText": "#5E6D82",
        "buttonRounded": "50",
        "dangerColor": "#f7685b",
        "favicon": "https://cdn.forgerock.com/platform/themes/zardoz/logo-zardoz.svg",
        "isDefault": false,
        "journeyFooter": "<footer>\n            <div class=\"container-md\">\n            <div class=\"py-3 d-flex flex-column flex-sm-row flex-md-column flex-lg-row justify-content-between align-items-center w-100\">\n              <div class=\"text-nowrap\">\n                <span class=\"pr-1\">\u00a9 2022</span>\n                <a href=\"#\" target=\"_blank\" class=\"notranslate text-body\">Zardoz, Inc</a>\n              </div>\n              <ul class=\"nav\">\n                <li class=\"nav-item\">\n                  <a href=\"#\" class=\"nav-link\">Privacy Policy</a>\n                </li>\n                <li class=\"nav-item\">\n                  <a href=\"#\" class=\"nav-link\">Terms of Use</a>\n                </li>\n              </ul>\n            </div>\n            </div>\n          </footer>\n",
        "journeyFooterEnabled": true,
        "journeyHeader": "<div class=\"d-flex justify-content-center py-4 flex-grow-1\">Header Content</div>",
        "journeyHeaderEnabled": false,
        "journeyJustifiedContent": "<div class=\"position-fixed\" style=\"top: 0; background-color: black; height: 100vh;\">\n    <div class=\"d-none d-md-flex justify-content-center align-items-center p-5 h-100\" style=\"background-image: url(https://cdn.forgerock.com/platform/themes/zardoz/background-zardoz.png);\n    background-size: cover;\"><h1 class=\"text-center display-3\" style=\"color: rgb(255, 255, 255);\">Uptime &amp; Performance Benchmarking Made Easy</h1></div>\n</div>\n\n",
        "journeyJustifiedContentEnabled": true,
        "journeyLayout": "justified-right",
        "journeyTheaterMode": true,
        "linkActiveColor": "#007661",
        "linkColor": "#009C80",
        "linkedTrees": [],
        "logo": "https://cdn.forgerock.com/platform/themes/zardoz/logo-zardoz.svg",
        "logoAltText": "Zardoz Logo",
        "logoEnabled": true,
        "logoHeight": "47",
        "logoProfile": "https://cdn.forgerock.com/platform/themes/zardoz/logo-zardoz.svg",
        "logoProfileAltText": "Zardaz Logo",
        "logoProfileCollapsed": "https://cdn.forgerock.com/platform/themes/zardoz/logo-zardoz.svg",
        "logoProfileCollapsedAltText": "Zardaz Logo",
        "logoProfileCollapsedHeight": "28",
        "logoProfileHeight": "40",
        "name": "Zardoz",
        "pageTitle": "#23282e",
        "primaryColor": "#009C80",
        "primaryOffColor": "#007661",
        "profileBackgroundColor": "#FFFFFF",
        "profileMenuHighlightColor": "#FFFFFF",
        "profileMenuHoverColor": "#FFFFFF",
        "profileMenuHoverTextColor": "#455469",
        "profileMenuTextHighlightColor": "#009C80",
        "secondaryColor": "#69788b",
        "textColor": "#ffffff"
      }
    ]
  }
}