{
  "metadata" : {
    "realm" : "/",
    "entityType" : "IdentifyExistingUserNode",
    "entityId" : "default/21b8ddf3-0203-4ae1-ab05-51cf3a3a707a",
    "uid" : "ou=21b8ddf3-0203-4ae1-ab05-51cf3a3a707a,ou=default,ou=OrganizationConfig,ou=1.0,ou=IdentifyExistingUserNode,ou=services,ou=am-config",
    "sunServiceID" : "instance",
    "objectClass" : [
      "top",
      "sunServiceComponent"
    ],
    "pathParams" : { },
    "ou" : null
  },
  "data" : {
    "identifier" : "userName",
    "_type" : {
      "_id" : "IdentifyExistingUserNode",
      "name" : "IdentifyExistingUserNode",
      "collection" : false
    },
    "_id" : "default/21b8ddf3-0203-4ae1-ab05-51cf3a3a707a",
    "identityAttribute" : "mail"
  }
}
