{
  "metadata" : {
    "realm" : "/",
    "entityType" : "ScriptedDecisionNode",
    "entityId" : "default",
    "uid" : "ou=default,ou=OrganizationConfig,ou=1.0,ou=ScriptedDecisionNode,ou=services,ou=am-config",
    "sunServiceID" : null,
    "objectClass" : [
      "top",
      "sunServiceComponent"
    ],
    "pathParams" : { },
    "ou" : null
  },
  "data" : {
    "_id" : "default",
    "_type" : {
      "_id" : "ScriptedDecisionNode",
      "name" : "ScriptedDecisionNode",
      "collection" : false
    }
  }
}
