{
  "data": {
    "_id": "default/default-keystore/mappings/am.services.iot.jwt.issuer.signing",
    "_type": {
      "_id": "KeyStoreSecretStore",
      "collection": false,
      "name": "KeyStoreSecretStore"
    },
    "aliases": [
      "hmacsigningtest"
    ],
    "secretId": "am.services.iot.jwt.issuer.signing"
  },
  "metadata": {
    "entityId": "default/default-keystore/mappings/am.services.iot.jwt.issuer.signing",
    "entityType": "KeyStoreSecretStore",
    "objectClass": [
      "top",
      "sunServiceComponent"
    ],
    "ou": null,
    "pathParams": {},
    "realm": null,
    "sunServiceID": "instance",
    "uid": "ou=am.services.iot.jwt.issuer.signing,ou=mappings,ou=default-keystore,ou=default,ou=GlobalConfig,ou=1.0,ou=KeyStoreSecretStore,ou=services,ou=am-config"
  }
}