{
  "metadata" : {
    "realm" : "/",
    "entityType" : "DataStoreDecisionNode",
    "entityId" : "default/fa16d188-0240-4699-8e7d-bc0e2a1ae040",
    "uid" : "ou=fa16d188-0240-4699-8e7d-bc0e2a1ae040,ou=default,ou=OrganizationConfig,ou=1.0,ou=DataStoreDecisionNode,ou=services,ou=am-config",
    "sunServiceID" : "instance",
    "objectClass" : [ "top", "sunServiceComponent" ],
    "pathParams" : { },
    "ou" : null
  },
  "data" : {
    "_id" : "default/fa16d188-0240-4699-8e7d-bc0e2a1ae040",
    "_type" : {
      "_id" : "DataStoreDecisionNode",
      "name" : "DataStoreDecisionNode",
      "collection" : false
    }
  }
}