{
  "metadata" : {
    "realm" : null,
    "entityType" : "ScriptingService",
    "entityId" : "default/AUTHENTICATION_TREE_DECISION_NODE/engineConfiguration",
    "uid" : "ou=engineConfiguration,ou=AUTHENTICATION_TREE_DECISION_NODE,ou=default,ou=GlobalConfig,ou=1.0,ou=ScriptingService,ou=services,ou=am-config",
    "sunServiceID" : "engineConfiguration",
    "objectClass" : [
      "top",
      "sunServiceComponent"
    ],
    "pathParams" : { },
    "ou" : [
      "engineConfiguration"
    ]
  },
  "data" : {
    "_id" : "default/AUTHENTICATION_TREE_DECISION_NODE/engineConfiguration",
    "_type" : {
      "_id" : "ScriptingService",
      "name" : "ScriptingService",
      "collection" : false
    },
    "coreThreads" : 10,
    "useSecurityManager" : true,
    "maxThreads" : 50,
    "whiteList" : [
      "java.lang.Float",
      "org.forgerock.http.header.AuthorizationHeader",
      "java.lang.Integer",
      "com.sun.identity.authentication.callbacks.ScriptTextOutputCallback",
      "java.lang.Character",
      "java.lang.Long",
      "org.forgerock.http.client.*",
      "org.forgerock.json.jose.jwk.JWKSet",
      "java.lang.StrictMath",
      "java.lang.Void",
      "groovy.json.JsonSlurper",
      "java.util.AbstractMap$*",
      "org.forgerock.openam.auth.node.api.Action$ActionBuilder",
      "org.forgerock.openam.authentication.callbacks.PollingWaitCallback",
      "org.forgerock.http.context.RootContext",
      "java.util.Collections$*",
      "org.forgerock.http.protocol.RequestCookies",
      "org.forgerock.util.promise.Promise",
      "javax.security.auth.callback.TextInputCallback",
      "org.bouncycastle.cert.X509CertificateHolder",
      "com.sun.identity.shared.debug.Debug",
      "java.lang.Double",
      "com.sun.identity.authentication.spi.MetadataCallback",
      "org.bouncycastle.cert.jcajce.JcaX509CertificateConverter",
      "org.forgerock.http.protocol.Status",
      "java.util.TreeSet",
      "java.util.ArrayList",
      "java.util.LinkedHashMap",
      "org.forgerock.openam.scripting.api.secrets.ScriptedSecrets",
      "org.forgerock.openam.scripting.idrepo.ScriptIdentityRepository",
      "java.lang.String",
      "java.lang.Number",
      "java.util.LinkedHashSet",
      "org.forgerock.http.protocol.Response",
      "javax.security.auth.callback.LanguageCallback",
      "org.forgerock.openam.scripting.api.http.GroovyHttpClient",
      "org.forgerock.json.jose.jwk.EcJWK$Builder",
      "java.util.Base64$Encoder",
      "org.forgerock.http.header.ContentTypeHeader",
      "java.util.ImmutableCollections$List12",
      "javax.security.auth.callback.NameCallback",
      "java.util.TreeMap",
      "org.forgerock.openam.scripting.api.ScriptedIdentity",
      "javax.security.auth.callback.ConfirmationCallback",
      "org.forgerock.http.Handler",
      "org.forgerock.http.protocol.Cookie",
      "org.bouncycastle.cms.CMSSignedData",
      "java.security.cert.X509Certificate",
      "org.forgerock.http.header.GenericHeader",
      "org.bouncycastle.util.CollectionStore",
      "org.forgerock.http.protocol.Header",
      "com.sun.identity.authentication.callbacks.HiddenValueCallback",
      "org.forgerock.openam.auth.node.api.NodeState",
      "org.forgerock.http.Client",
      "com.sun.identity.idm.AMIdentity",
      "java.lang.Character$UnicodeBlock",
      "java.io.ByteArrayInputStream",
      "java.lang.Short",
      "java.lang.Math",
      "org.forgerock.openam.core.rest.devices.profile.DeviceProfilesDao",
      "org.forgerock.openam.scripting.api.secrets.Secret",
      "java.lang.Byte",
      "org.codehaus.groovy.runtime.ScriptBytecodeAdapter",
      "org.forgerock.util.promise.PromiseImpl",
      "org.forgerock.http.Context",
      "sun.security.ec.ECPublicKeyImpl",
      "org.codehaus.groovy.runtime.GStringImpl",
      "javax.security.auth.callback.PasswordCallback",
      "org.forgerock.http.protocol.Request",
      "org.forgerock.http.protocol.Entity",
      "org.forgerock.json.jose.jwk.EcJWK",
      "sun.security.x509.X509CertImpl",
      "sun.security.util.Pem",
      "java.util.Base64",
      "java.util.List",
      "org.forgerock.http.protocol.Responses",
      "java.security.interfaces.ECPublicKey",
      "org.forgerock.guice.core.InjectorHolder",
      "java.util.HashMap$KeyIterator",
      "org.forgerock.openam.scripting.api.http.JavaScriptHttpClient",
      "org.forgerock.http.protocol.Headers",
      "javax.security.auth.callback.TextOutputCallback",
      "java.util.HashMap",
      "java.lang.Character$Subset",
      "java.util.HashSet",
      "org.forgerock.http.protocol.ResponseException",
      "com.sun.identity.authentication.spi.X509CertificateCallback",
      "org.forgerock.http.protocol.Message",
      "com.sun.identity.authentication.spi.HttpCallback",
      "java.lang.Boolean",
      "com.sun.identity.authentication.spi.RedirectCallback",
      "java.util.LinkedList",
      "org.forgerock.json.JsonValue",
      "java.util.ArrayList$Itr",
      "org.forgerock.openam.core.rest.authn.callbackhandlers.*",
      "org.forgerock.openam.auth.nodes.IdentityProvider",
      "org.forgerock.util.promise.NeverThrowsException",
      "javax.security.auth.callback.ChoiceCallback",
      "org.forgerock.openam.auth.node.api.Action",
      "org.forgerock.openam.scripting.api.ScriptedSession",
      "org.forgerock.json.jose.jwk.JWK",
      "java.lang.Object",
      "java.util.Collections",
      "org.forgerock.http.protocol.Form",
      "groovy.json.JsonOutput",
      "java.util.Base64$Decoder",
      "org.apache.groovy.json.internal.LazyMap"
    ],
    "queueSize" : -1,
    "serverTimeout" : 0,
    "idleTimeout" : 60,
    "blackList" : [
      "java.lang.Class",
      "java.security.AccessController",
      "java.lang.reflect.*"
    ]
  }
}
