{
  "metadata" : {
    "realm": "/",
    "entityType" : "sunIdentityRepositoryService",
    "entityId" : "default/OpenDJ",
    "uid" : "ou=OpenDJ,ou=default,ou=OrganizationConfig,ou=1.0,ou=sunIdentityRepositoryService,ou=services,ou=am-config",
    "sunServiceID" : "&{am.stores.user.type}",
    "objectClass" : [
      "top",
      "sunServiceComponent"
    ],
    "pathParams" : { },
    "ou" : [
      "OpenDJ"
    ]
  },
  "data" : {
    "pluginconfig" : {
      "sunIdRepoClass" : "org.forgerock.openam.idrepo.ldap.DJLDAPv3Repo",
      "sunIdRepoSupportedOperations" : [
        "realm=read,create,edit,delete,service",
        "group=read,create,edit,delete",
        "user=read,create,edit,delete,service"
      ],
      "sunIdRepoAttributeMapping" : [
        
      ]
    },
    "ldapsettings" : {
      "sun-idrepo-ldapv3-config-connection_pool_min_size" : 4,
      "sun-idrepo-ldapv3-config-connection_pool_max_size" : 14,
      "openam-idrepo-ldapv3-behera-support-enabled" : true,
      "sun-idrepo-ldapv3-config-authid" : "&{am.stores.user.username}",
      "openam-idrepo-ldapv3-heartbeat-interval" : 10,
      "openam-idrepo-ldapv3-proxied-auth-enabled" : false,
      "sun-idrepo-ldapv3-config-ldap-server" : {
        "$list" : "&{am.stores.user.servers}"
      },
      "openam-idrepo-ldapv3-affinity-enabled" : false,
      "openam-idrepo-ldapv3-heartbeat-timeunit" : "SECONDS",
      "sun-idrepo-ldapv3-config-organization_name": "ou=identities",
      "openam-idrepo-ldapv3-proxied-auth-denied-fallback" : false,
      "openam-idrepo-ldapv3-contains-iot-identities-enriched-as-oauth2client" : false,
      "sun-idrepo-ldapv3-config-max-result" : 1000,
      "sun-idrepo-ldapv3-config-connection-mode" : "&{am.stores.user.connection.mode}",
      "sun-idrepo-ldapv3-config-search-scope" : "SCOPE_SUB",
      "sun-idrepo-ldapv3-config-time-limit" : 10,
      "sun-idrepo-ldapv3-config-authpw" : "&{am.stores.user.password}"
    },
    "groupconfig" : {
      "sun-idrepo-ldapv3-config-groups-search-attribute" : "cn",
      "sun-idrepo-ldapv3-config-uniquemember" : "uniqueMember",
      "sun-idrepo-ldapv3-config-groups-search-filter" : "(objectclass=groupOfUniqueNames)",
      "sun-idrepo-ldapv3-config-memberurl" : "memberUrl",
      "sun-idrepo-ldapv3-config-group-container-value" : "groups",
      "sun-idrepo-ldapv3-config-group-attributes" : [
        "dn",
        "cn",
        "uniqueMember",
        "objectclass"
      ],
      "sun-idrepo-ldapv3-config-group-container-name" : "ou",
      "sun-idrepo-ldapv3-config-group-objectclass" : [
        "top",
        "groupofuniquenames"
      ]
    },
    "userconfig" : {
      "sun-idrepo-ldapv3-config-auth-kba-attempts-attr" : [
        "kbaInfoAttempts"
      ],
      "sun-idrepo-ldapv3-config-user-objectclass" : [
        "iplanet-am-managed-person",
        "inetuser",
        "sunFMSAML2NameIdentifier",
        "inetorgperson",
        "devicePrintProfilesContainer",
        "deviceProfilesContainer",
        "pushDeviceProfilesContainer",
        "iPlanetPreferences",
        "iplanet-am-user-service",
        "forgerock-am-dashboard-service",
        "organizationalperson",
        "top",
        "kbaInfoContainer",
        "oathDeviceProfilesContainer",
        "person",
        "webauthnDeviceProfilesContainer",
        "sunAMAuthAccountLockout",
        "iplanet-am-auth-configuration-service",
        "fr-idm-managed-user-explicit",
        "fr-iot"
      ],
      "sun-idrepo-ldapv3-config-active" : "Active",
      "sun-idrepo-ldapv3-config-people-container-name" : "ou",
      "sun-idrepo-ldapv3-config-user-attributes" : [
        "fr-idm-uuid",
        "iplanet-am-auth-configuration",
        "iplanet-am-user-alias-list",
        "iplanet-am-user-password-reset-question-answer",
        "mail",
        "assignedDashboard",
        "authorityRevocationList",
        "dn",
        "iplanet-am-user-password-reset-options",
        "employeeNumber",
        "createTimestamp",
        "kbaActiveIndex",
        "caCertificate",
        "iplanet-am-session-quota-limit",
        "iplanet-am-user-auth-config",
        "sun-fm-saml2-nameid-infokey",
        "sunIdentityMSISDNNumber",
        "iplanet-am-user-password-reset-force-reset",
        "sunAMAuthInvalidAttemptsData",
        "devicePrintProfiles",
        "givenName",
        "iplanet-am-session-get-valid-sessions",
        "objectClass",
        "adminRole",
        "inetUserHttpURL",
        "lastEmailSent",
        "iplanet-am-user-account-life",
        "postalAddress",
        "userCertificate",
        "preferredtimezone",
        "iplanet-am-user-admin-start-dn",
        "oath2faEnabled",
        "preferredlanguage",
        "etag",
        "sun-fm-saml2-nameid-info",
        "userPassword",
        "iplanet-am-session-service-status",
        "telephoneNumber",
        "iplanet-am-session-max-idle-time",
        "distinguishedName",
        "iplanet-am-session-destroy-sessions",
        "kbaInfoAttempts",
        "modifyTimestamp",
        "uid",
        "iplanet-am-user-success-url",
        "iplanet-am-user-auth-modules",
        "kbaInfo",
        "memberOf",
        "sn",
        "preferredLocale",
        "manager",
        "iplanet-am-session-max-session-time",
        "deviceProfiles",
        "cn",
        "oathDeviceProfiles",
        "webauthnDeviceProfiles",
        "iplanet-am-user-login-status",
        "pushDeviceProfiles",
        "push2faEnabled",
        "inetUserStatus",
        "retryLimitNodeCount",
        "iplanet-am-user-failure-url",
        "iplanet-am-session-max-caching-time",
        "thingType",
        "thingKeys",
        "thingOAuth2ClientName",
        "thingConfig",
        "thingProperties"
      ],
      "sun-idrepo-ldapv3-config-auth-kba-attr" : [
        "kbaInfo"
      ],
      "sun-idrepo-ldapv3-config-createuser-attr-mapping" : [
        "cn",
        "sn"
      ],
      "sun-idrepo-ldapv3-config-isactive" : "inetUserStatus",
      "sun-idrepo-ldapv3-config-users-search-attribute" : "fr-idm-uuid",
      "sun-idrepo-ldapv3-config-auth-kba-index-attr" : "kbaActiveIndex",
      "sun-idrepo-ldapv3-config-users-search-filter" : "(objectclass=inetorgperson)",
      "sun-idrepo-ldapv3-config-inactive" : "Inactive",
      "sun-idrepo-ldapv3-config-people-container-value" : "people"
    },
    "cachecontrol" : {
      "sun-idrepo-ldapv3-dncache-enabled" : true,
      "sun-idrepo-ldapv3-dncache-size" : 1500
    },
    "_type" : {
      "_id" : "sunIdentityRepositoryService",
      "name" : "sunIdentityRepositoryService",
      "collection" : false
    },
    "errorhandling" : {
      "com.iplanet.am.ldap.connection.delay.between.retries" : 1000
    },
    "_id" : "default/OpenDJ",
    "persistentsearch" : {
      "sun-idrepo-ldapv3-config-psearchbase": "ou=identities",
      "sun-idrepo-ldapv3-config-psearch-scope" : "SCOPE_SUB",
      "sun-idrepo-ldapv3-config-psearch-filter" : "(!(objectclass=frCoreToken))"
    },
    "authentication" : {
      "sun-idrepo-ldapv3-config-auth-naming-attr" : "uid"
    }
  }
}
