{
  "metadata" : {
    "realm" : null,
    "entityType" : "IdentifyExistingUserNode",
    "entityId" : "GlobalConfig",
    "uid" : "ou=GlobalConfig,ou=1.0,ou=IdentifyExistingUserNode,ou=services,ou=am-config",
    "sunServiceID" : null,
    "objectClass" : [
      "top",
      "organizationalunit"
    ],
    "pathParams" : { },
    "ou" : null
  },
  "data" : {
    "_type" : {
      "_id" : "IdentifyExistingUserNode",
      "name" : "IdentifyExistingUserNode",
      "collection" : false
    },
    "_id" : "GlobalConfig"
  }
}
