{
  "metadata" : {
    "realm" : "/",
    "entityType" : "ScriptedDecisionNode",
    "entityId" : "default/0d8ec7e3-70ef-492f-b1ad-0c1017eb8b05",
    "uid" : "ou=0d8ec7e3-70ef-492f-b1ad-0c1017eb8b05,ou=default,ou=OrganizationConfig,ou=1.0,ou=ScriptedDecisionNode,ou=services,ou=am-config",
    "sunServiceID" : "instance",
    "objectClass" : [
      "top",
      "sunServiceComponent"
    ],
    "pathParams" : { },
    "ou" : null
  },
  "data" : {
    "_id" : "default/0d8ec7e3-70ef-492f-b1ad-0c1017eb8b05",
    "_type" : {
      "_id" : "ScriptedDecisionNode",
      "name" : "ScriptedDecisionNode",
      "collection" : false
    },
    "script" : "f681d60e-743f-4b4e-be9e-7cbf7b9cae31",
    "outputs" : [
      "*"
    ],
    "outcomes" : [
      "Success",
      "Failure"
    ],
    "inputs" : [
      "*"
    ]
  }
}
