{
  "metadata" : {
    "realm" : "/",
    "entityType" : "ScriptedDecisionNode",
    "entityId" : "default/2457b546-6f94-44ab-a3ff-b66622bfb8aa",
    "uid" : "ou=2457b546-6f94-44ab-a3ff-b66622bfb8aa,ou=default,ou=OrganizationConfig,ou=1.0,ou=ScriptedDecisionNode,ou=services,ou=am-config",
    "sunServiceID" : "instance",
    "objectClass" : [
      "top",
      "sunServiceComponent"
    ],
    "pathParams" : { },
    "ou" : [
      "2457b546-6f94-44ab-a3ff-b66622bfb8aa"
    ]
  },
  "data" : {
    "_id" : "default/2457b546-6f94-44ab-a3ff-b66622bfb8aa",
    "_type" : {
      "_id" : "ScriptedDecisionNode",
      "name" : "ScriptedDecisionNode",
      "collection" : false
    },
    "script" : "68f1594a-4212-4c15-ac6a-0894fa09e706",
    "outcomes" : [
      "Success",
      "Failure"
    ],
    "outputs" : [
      "*"
    ],
    "inputs" : [
      "*"
    ]
  }
}
