{
  "metadata" : {
    "realm" : "/",
    "entityType" : "ScriptedDecisionNode",
    "entityId" : "default/710d2ead-753b-48f0-8a92-92a994742f42",
    "uid" : "ou=710d2ead-753b-48f0-8a92-92a994742f42,ou=default,ou=OrganizationConfig,ou=1.0,ou=ScriptedDecisionNode,ou=services,ou=am-config",
    "sunServiceID" : "instance",
    "objectClass" : [
      "top",
      "sunServiceComponent"
    ],
    "pathParams" : { },
    "ou" : [
      "710d2ead-753b-48f0-8a92-92a994742f42"
    ]
  },
  "data" : {
    "_id" : "default/710d2ead-753b-48f0-8a92-92a994742f42",
    "_type" : {
      "_id" : "ScriptedDecisionNode",
      "name" : "ScriptedDecisionNode",
      "collection" : false
    },
    "outputs" : [
      "*"
    ],
    "inputs" : [
      "*"
    ],
    "outcomes" : [
      "True",
      "False"
    ],
    "script" : "89ab41a9-2ccc-472f-b476-84c4643decd9"
  }
}
