{
  "metadata" : {
    "realm" : "/",
    "entityType" : "IotAuthenticationNode",
    "entityId" : "default/0a22f8e2-6c05-493b-b637-566e38155891",
    "uid" : "ou=0a22f8e2-6c05-493b-b637-566e38155891,ou=default,ou=OrganizationConfig,ou=1.0,ou=IotAuthenticationNode,ou=services,ou=am-config",
    "sunServiceID" : "instance",
    "objectClass" : [
      "top",
      "sunServiceComponent"
    ],
    "pathParams" : { },
    "ou" : null
  },
  "data" : {
    "_id" : "default/0a22f8e2-6c05-493b-b637-566e38155891",
    "_type" : {
      "_id" : "IotAuthenticationNode",
      "name" : "IotAuthenticationNode",
      "collection" : false
    }
  }
}
