{
  "metadata" : {
    "realm" : "/",
    "entityType" : "IotAuthenticationNode",
    "entityId" : "default/769c9cde-377a-4de3-9668-9f6e512b30c4",
    "uid" : "ou=769c9cde-377a-4de3-9668-9f6e512b30c4,ou=default,ou=OrganizationConfig,ou=1.0,ou=IotAuthenticationNode,ou=services,ou=am-config",
    "sunServiceID" : "instance",
    "objectClass" : [
      "top",
      "sunServiceComponent"
    ],
    "pathParams" : { },
    "ou" : null
  },
  "data" : {
    "_id" : "default/769c9cde-377a-4de3-9668-9f6e512b30c4",
    "_type" : {
      "_id" : "IotAuthenticationNode",
      "name" : "IotAuthenticationNode",
      "collection" : false
    }
  }
}
