{
  "metadata" : {
    "realm" : "/",
    "entityType" : "IotAuthenticationNode",
    "entityId" : "default/f83bcf70-3fc5-44b4-9e24-ac121b02bb74",
    "uid" : "ou=f83bcf70-3fc5-44b4-9e24-ac121b02bb74,ou=default,ou=OrganizationConfig,ou=1.0,ou=IotAuthenticationNode,ou=services,ou=am-config",
    "sunServiceID" : "instance",
    "objectClass" : [
      "top",
      "sunServiceComponent"
    ],
    "pathParams" : { },
    "ou" : null
  },
  "data" : {
    "_id" : "default/f83bcf70-3fc5-44b4-9e24-ac121b02bb74",
    "_type" : {
      "_id" : "IotAuthenticationNode",
      "name" : "IotAuthenticationNode",
      "collection" : false
    }
  }
}
