{
  "metadata" : {
    "realm" : "/",
    "entityType" : "CreateObjectNode",
    "entityId" : "default/248813f1-3954-4fd0-9fc2-2abb7b5b5274",
    "uid" : "ou=248813f1-3954-4fd0-9fc2-2abb7b5b5274,ou=default,ou=OrganizationConfig,ou=1.0,ou=CreateObjectNode,ou=services,ou=am-config",
    "sunServiceID" : "instance",
    "objectClass" : [
      "top",
      "sunServiceComponent"
    ],
    "pathParams" : { },
    "ou" : [
      "248813f1-3954-4fd0-9fc2-2abb7b5b5274"
    ]
  },
  "data" : {
    "_id" : "default/248813f1-3954-4fd0-9fc2-2abb7b5b5274",
    "_type" : {
      "_id" : "CreateObjectNode",
      "name" : "CreateObjectNode",
      "collection" : false
    },
    "identityResource" : "managed/thing"
  }
}
