{
  "metadata" : {
    "realm" : "/",
    "entityType" : "CreateObjectNode",
    "entityId" : "default/ad5dcbb3-7335-49b7-b3e7-7d850bb88237",
    "uid" : "ou=ad5dcbb3-7335-49b7-b3e7-7d850bb88237,ou=default,ou=OrganizationConfig,ou=1.0,ou=CreateObjectNode,ou=services,ou=am-config",
    "sunServiceID" : "instance",
    "objectClass" : [
      "top",
      "sunServiceComponent"
    ],
    "pathParams" : { },
    "ou" : null
  },
  "data" : {
    "_type" : {
      "_id" : "CreateObjectNode",
      "name" : "CreateObjectNode",
      "collection" : false
    },
    "_id" : "default/ad5dcbb3-7335-49b7-b3e7-7d850bb88237",
    "identityResource" : "managed/user"
  }
}
