{
  "metadata" : {
    "realm" : "/",
    "entityType" : "UsernameCollectorNode",
    "entityId" : "default",
    "uid" : "ou=default,ou=OrganizationConfig,ou=1.0,ou=UsernameCollectorNode,ou=services,ou=am-config",
    "sunServiceID" : null,
    "objectClass" : [ "top", "sunServiceComponent" ],
    "pathParams" : { },
    "ou" : null
  },
  "data" : {
    "_id" : "default",
    "_type" : {
      "_id" : "UsernameCollectorNode",
      "name" : "UsernameCollectorNode",
      "collection" : false
    }
  }
}