{
  "metadata" : {
    "realm" : null,
    "entityType" : "ScriptingService",
    "entityId" : "default/globalScripts/d22f9a0c-426a-4466-b95e-d0f125b0d5fa",
    "uid" : "ou=d22f9a0c-426a-4466-b95e-d0f125b0d5fa,ou=globalScripts,ou=default,ou=GlobalConfig,ou=1.0,ou=ScriptingService,ou=services,ou=am-config",
    "sunServiceID" : "globalScript",
    "objectClass" : [
      "top",
      "sunServiceComponent"
    ],
    "pathParams" : { },
    "ou" : null
  },
  "data" : {
    "createdBy" : "id=dsameuser,ou=user,dc=openam,dc=forgerock,dc=org",
    "lastModifiedDate" : "1433147666269",
    "lastModifiedBy" : "id=dsameuser,ou=user,dc=openam,dc=forgerock,dc=org",
    "_type" : {
      "_id" : "ScriptingService",
      "name" : "ScriptingService",
      "collection" : false
    },
    "name" : "OAuth2 Access Token Modification Script",
    "context" : "OAUTH2_ACCESS_TOKEN_MODIFICATION",
    "description" : "Default global script for OAuth2 Access Token Modification",
    "language" : "GROOVY",
    "_id" : "default/globalScripts/d22f9a0c-426a-4466-b95e-d0f125b0d5fa",
    "creationDate" : "1433147666269",
    "script" : {
      "$base64:encode" : {
        "$inline" : "OAuth2AccessTokenModificationScript.groovy"
      }
    }
  }
}
